w_variance,w_mean,w_ede,p90,p95,pct_within_sla,courier_gini,max,method,routing_calls,seed
16.591193195001456,11.848549031569455,12.154390930527043,17.0,17.099999999999994,39.282583864752326,0.22752192982456143,19.0,ours,5720,0
18.505271330890615,10.864174059937291,11.22028904754539,15.0,17.049999999999997,36.916456412589554,0.2578978622327792,20.0,ours_ede,5840,0
29.554824069873327,12.243230569544357,12.757308138796763,21.1,22.099999999999994,46.14691500756075,0.2539264413518887,25.0,coverage_max,13080,0
23.444585364705265,10.403731434020834,10.86405350340705,17.0,18.19999999999999,46.94140575451248,0.26744851258581237,25.0,weighted_centroid,40,0
18.505271330890615,10.864174059937291,11.22028904754539,15.0,17.049999999999997,36.916456412589554,0.2578978622327792,20.0,min_sum,13080,0
38.04753651866794,15.036584161073746,15.588355242002823,23.0,24.14999999999999,28.340281950647544,0.2256557377049182,29.0,ours,5960,1
56.3483553540553,11.409199114561522,12.319813038177545,26.1,27.099999999999994,51.460349044392984,0.3590206185567011,29.0,ours_ede,6120,1
48.146020422255404,11.814025355851754,12.617571149842487,25.1,27.0,53.55513926474262,0.3258130081300814,28.0,coverage_max,15040,1
50.546252134325314,11.407062771485137,12.260566195806316,25.1,28.0,54.89629322183119,0.3397916666666667,28.0,weighted_centroid,40,1
50.350801625356624,11.508760824642232,12.34926386990785,25.1,27.049999999999997,52.15260165111943,0.3392857142857144,28.0,min_sum,15040,1
25.330565230442794,30.865782314608193,31.063852317019098,37.0,37.05,0.0,0.09817880794702005,42.0,ours,6560,2
115.42455099395367,18.054334005511166,19.295832215321024,38.0,38.14999999999999,28.251585220527776,0.313142523364486,45.0,ours_ede,6560,2
232.482609719457,20.40527288431055,22.332283910461395,48.0,49.099999999999994,40.7145831345496,0.37288385826771653,55.0,coverage_max,18240,2
59.55221073051693,19.656054101995128,20.32728837098273,32.0,33.099999999999994,13.380479826529024,0.21412790697674433,39.0,weighted_centroid,40,2
58.083484432782726,18.72321446001729,19.41339989414499,31.0,34.0,11.98106820251507,0.22524479804161568,40.0,min_sum,18240,2
25.677023563380573,18.583386258993773,18.89796966107476,25.1,27.0,6.960337334212144,0.15427807486631018,30.0,ours,6400,3
27.633668198858594,17.253253048375225,17.61238060919839,25.1,26.049999999999997,6.960337334212144,0.17492857142857154,28.0,ours_ede,7000,3
106.74193390309279,17.12289859108241,18.27872056811473,30.0,34.14999999999999,45.1524475020167,0.3186827956989249,38.0,coverage_max,18000,3
35.66349874691446,17.325683622310308,17.809711293134093,23.1,26.14999999999999,7.419834171977997,0.19430473372781076,37.0,weighted_centroid,40,3
45.08955567694747,15.841123566418112,16.479895746559144,23.200000000000003,25.14999999999999,24.186673103795084,0.2235959438377535,39.0,min_sum,18000,3
29.621150447302778,20.943702945990232,21.27034547701718,27.200000000000003,29.049999999999997,4.308751401129228,0.17053679131483723,40.0,ours,5920,4
51.765320631111464,14.853416199556994,15.576009264541291,26.200000000000003,28.049999999999997,33.897182281105515,0.23740822320117494,30.0,ours_ede,6280,4
128.83618740606715,16.246251940184777,17.60801843963251,33.2,35.14999999999999,50.44012290352381,0.31614457831325304,38.0,coverage_max,15600,4
71.94024080862926,15.828772040297418,16.72825096485542,29.0,31.0,35.20163831313966,0.26382275132275135,35.0,weighted_centroid,40,4
33.01222891132524,15.311594551041093,15.805143885476273,24.1,25.049999999999997,22.5165383947246,0.18780864197530867,30.0,min_sum,15600,4
25.690197799230017,17.139301470014082,17.4858423271985,23.1,24.049999999999997,7.981440982159679,0.16028985507246385,27.0,ours,6360,5
37.14829403217211,13.402694937620842,13.972347240168515,21.200000000000003,23.0,33.35541066082065,0.24664579606440085,26.0,ours_ede,6120,5
68.87075559146545,14.385994612207773,15.28078726125789,26.1,27.049999999999997,39.3541965061126,0.3064606741573035,31.0,coverage_max,15760,5
26.507296209740023,13.370013064838144,13.799220432107722,20.1,21.0,39.38725582577636,0.20963636363636362,24.0,weighted_centroid,40,5
37.14829403217211,13.402694937620842,13.972347240168515,21.200000000000003,23.0,33.35541066082065,0.24664579606440085,26.0,min_sum,15760,5
17.777398440424133,13.152153253058435,13.469957420541302,18.200000000000003,22.099999999999994,25.584665869128564,0.20543893129771007,30.0,ours,5360,6
24.92070006405458,8.615055634670782,9.181228867056257,17.0,17.049999999999997,69.47230683981093,0.3438034188034189,25.0,ours_ede,5360,6
24.92070006405458,8.615055634670782,9.181228867056257,17.0,17.049999999999997,69.47230683981093,0.3438034188034189,25.0,coverage_max,10440,6
24.682830291819645,9.053379121302758,9.601988599466091,18.0,18.0,67.30796513544236,0.32834224598930484,26.0,weighted_centroid,40,6
24.92070006405458,8.615055634670782,9.181228867056257,17.0,17.049999999999997,69.47230683981093,0.3438034188034189,25.0,min_sum,10440,6
40.656078327646334,11.965989754994288,12.667994221525245,22.200000000000003,24.0,51.72462349574669,0.2859878710501118,30.0,coverage_max,12760,7
44.53228998298049,12.302261788808954,13.032776042714831,22.200000000000003,24.0,51.72462349574669,0.2964808470881346,30.0,weighted_centroid,40,7
27.886926965080683,20.25126702642413,20.576671224004368,27.0,27.099999999999994,0.0,0.13125798212005124,30.0,ours,5320,8
33.899369372275906,11.149020172340455,11.807830429840566,15.100000000000001,18.0,52.890298830978026,0.24335443037974702,29.0,ours_ede,5560,8
35.557073291987166,11.706157445126927,12.346533860332906,17.1,20.049999999999997,59.25779305995289,0.2563559322033899,27.0,coverage_max,11120,8
36.14542039657609,11.072330056595337,11.773171579202199,15.100000000000001,17.049999999999997,49.94195776712537,0.2582051282051283,30.0,weighted_centroid,40,8
37.14173691500169,11.555724371425216,12.212489699793203,16.1,18.14999999999999,49.23628892705316,0.31058673469387754,27.0,min_sum,11120,8
50.04511571730208,11.338072182921467,12.183566657856453,19.400000000000006,25.1,59.106520124947956,0.3295992033856112,27.0,coverage_max,10680,9
46.82475322415912,12.080061197059521,12.857213812464844,19.200000000000003,25.200000000000003,59.106520124947956,0.30026525198939,27.0,weighted_centroid,40,9
138.9987616476113,29.315556082155357,30.35067110559465,45.300000000000004,52.0,2.1491104762345996,0.23232456140350877,55.0,min_sum,10680,9
32.602701321439504,15.747433623585529,16.20574101467318,24.0,24.049999999999997,23.578867017660915,0.19166666666666665,29.0,ours,5280,10
35.04429319535214,12.783539139169932,13.358770656654412,21.1,24.0,32.27533673007658,0.22985008818342156,29.0,ours_ede,5560,10
71.03063761800185,15.216310308528811,16.134931045123817,28.1,30.099999999999994,38.014167583521434,0.25716689098250356,37.0,coverage_max,10600,10
32.99749151868778,13.905941297673932,14.417201487442432,22.0,22.14999999999999,24.84199195002793,0.21382252559726966,28.0,weighted_centroid,40,10
36.6511282763323,13.850125215554561,14.399484152603433,20.1,22.14999999999999,34.82274991432029,0.23743093922651948,25.0,min_sum,10600,10
22.757453312269693,18.607595826890606,18.885824089543753,24.0,25.0,5.574078482647543,0.13761808367071526,29.0,ours,5320,11
35.9300930457451,13.786302872668971,14.330292068413218,21.1,23.0,28.397435515031873,0.26588345864661656,25.0,ours_ede,5720,11
83.36781641224074,14.355976473384068,15.420904004841585,28.200000000000003,30.049999999999997,38.57073256400982,0.35860071301247776,33.0,coverage_max,11920,11
32.186909367563,14.041555815055515,14.530114339483653,22.1,23.0,32.820568320773724,0.24215596330275235,23.0,weighted_centroid,40,11
35.9300930457451,13.786302872668971,14.330292068413218,21.1,23.0,28.397435515031873,0.26588345864661656,25.0,min_sum,11920,11
34.84927587656715,21.36380571898998,21.75428967589975,32.0,34.29999999999998,5.76329474883538,0.16723669923995677,40.0,ours,5840,12
124.03358951122331,14.172685135358162,15.642446463315672,38.1,39.29999999999998,57.914444622132656,0.3823979591836735,49.0,ours_ede,5800,12
151.00645014640745,14.725322862548799,16.426851447684058,43.1,45.249999999999986,58.42097578115786,0.3969226260257914,55.0,coverage_max,13960,12
76.98561067996697,17.343814414625317,18.20798085040037,29.1,30.299999999999983,20.617510681364458,0.28026675786593724,38.0,weighted_centroid,40,12
43.957217545428705,16.386387439941455,16.976707491502264,26.1,32.0,22.91290053154775,0.24827089337175812,37.0,min_sum,13960,12
60.30419231533068,34.950620505041,35.366481373716724,48.1,49.099999999999994,0.0,0.12863372093023262,53.0,ours,6360,13
96.60614209807783,19.293602314987506,20.277307905803692,30.400000000000006,36.05,27.6529577264606,0.28713093709884485,38.0,ours_ede,6480,13
285.1814042850575,20.944196956959725,23.17120990531055,47.300000000000004,57.14999999999999,46.72199344011526,0.42616136919315406,61.0,coverage_max,16600,13
123.90081895865752,20.27072856042171,21.58383738148267,37.300000000000004,47.14999999999999,10.134156968107682,0.26961827284105144,51.0,weighted_centroid,40,13
200.80639775835186,19.22411986854103,21.081911445455912,41.300000000000004,52.099999999999994,28.07639482056585,0.3816489361702129,55.0,min_sum,16600,13
45.51641346472586,15.093728151966962,15.735566631700022,23.400000000000006,29.0,29.07719517368268,0.26918402777777795,29.0,ours,5960,14
45.51641346472586,15.093728151966962,15.735566631700022,23.400000000000006,29.0,29.07719517368268,0.26918402777777795,29.0,ours_ede,6240,14
66.45089440794186,11.998362878882492,13.068047632607025,21.1,24.69999999999996,56.21683545540235,0.3441489361702128,39.0,coverage_max,14960,14
57.102122953462896,13.122044361075696,14.01511609867472,21.200000000000003,25.54999999999997,37.43345578526634,0.2971402214022141,37.0,weighted_centroid,40,14
51.528068933597226,11.871217614194663,12.761936267946954,19.1,22.649999999999963,48.640242833620626,0.30330957230142586,36.0,min_sum,14960,14
27.7058094578907,34.95170603642694,35.14359752696598,41.0,42.249999999999986,0.0,0.08583213773314213,47.0,ours,6960,15
102.1074504253093,25.11087177343957,25.979542502760314,40.0,41.05,13.710728676363532,0.21591836734693892,42.0,ours_ede,7520,15
475.5595536149305,28.526459146508955,31.20480897985782,59.0,61.0,34.575039794991994,0.4554027504911593,62.0,coverage_max,19920,15
79.0981841006923,25.733167992489278,26.407681384181583,38.0,39.05,8.55402002203269,0.18267716535433087,41.0,weighted_centroid,40,15
359.5980437392551,26.394201794806445,28.67991289522269,53.0,54.05,26.362679938916216,0.43219576719576724,56.0,min_sum,19920,15
22.2055771274916,19.4708946005337,19.73557751562062,26.200000000000003,28.049999999999997,6.18800200048181,0.13103773584905665,29.0,ours,5240,16
42.16060305578088,9.854596659453083,10.666001081371464,17.1,23.049999999999997,60.67338187084674,0.3478426395939087,30.0,ours_ede,5160,16
42.16060305578088,9.854596659453083,10.666001081371464,17.1,23.049999999999997,60.67338187084674,0.3478426395939087,30.0,coverage_max,9360,16
39.93730551540739,10.30324568280924,11.052003637458645,18.0,22.099999999999994,61.02259324370651,0.31539812646370025,28.0,weighted_centroid,40,16
42.16060305578088,9.854596659453083,10.666001081371464,17.1,23.049999999999997,60.67338187084674,0.3478426395939087,30.0,min_sum,9360,16
16.036345326571105,13.418331694609588,13.696262561089592,18.1,19.049999999999997,33.615162704264876,0.177233009708738,22.0,ours,5520,17
35.78598808780669,10.16989308892763,10.850034966301758,20.0,23.0,62.203073310390955,0.30406458797327396,25.0,ours_ede,5760,17
35.78598808780669,10.16989308892763,10.850034966301758,20.0,23.0,62.203073310390955,0.30406458797327396,25.0,coverage_max,11120,17
31.180478205592948,10.93188958877205,11.505587681239259,19.1,20.099999999999994,51.76110655916629,0.2791019955654104,24.0,weighted_centroid,40,17
21.130829625284694,10.739264009905877,11.160321611470414,16.200000000000003,18.099999999999994,48.03602508006788,0.23455710955710973,20.0,min_sum,11120,17
13.671078488090094,11.349047894472026,11.623707252644062,16.0,18.049999999999997,47.05502417197662,0.20371853546910756,19.0,ours,5040,18
22.065999576743103,9.289015779382254,9.774599837546173,15.100000000000001,17.099999999999994,62.032280802080685,0.2945592286501377,20.0,ours_ede,5120,18
31.858246522110857,10.074162098294785,10.710061936665658,19.0,21.049999999999997,71.87461129619068,0.2987623762376239,23.0,coverage_max,9280,18
19.462064737287058,9.370296689942261,9.806784139626709,14.100000000000001,16.049999999999997,61.56128945084297,0.2828512396694216,21.0,weighted_centroid,40,18
22.065999576743103,9.289015779382254,9.774599837546173,15.100000000000001,17.099999999999994,62.032280802080685,0.2945592286501377,20.0,min_sum,9280,18
27.396787053315585,13.670345191451364,14.129204738711106,23.1,25.14999999999999,29.74684360369917,0.21098949211908935,28.0,ours,5600,19
35.361040816657564,11.924572239110173,12.550262359065275,23.0,24.19999999999999,47.12529190774715,0.2725000000000002,29.0,ours_ede,5960,19
35.361040816657564,11.924572239110173,12.550262359065275,23.0,24.19999999999999,47.12529190774715,0.2725000000000002,29.0,coverage_max,13880,19
34.04990383780689,12.200235698438902,12.788461079014564,22.0,25.049999999999997,44.171963252263474,0.26025390625,26.0,weighted_centroid,40,19
34.94083636161245,12.479956667701947,13.074535070516932,20.200000000000003,23.049999999999997,38.775874891736684,0.2575301204819278,27.0,min_sum,13880,19
15.541798607925443,19.073917600255303,19.26894349092474,24.0,24.049999999999997,1.123007300418687,0.12107712765957457,30.0,ours,5480,20
21.34826432636629,9.44671163991373,9.91611626299099,15.200000000000003,18.099999999999994,69.52229880370457,0.3069327731092437,21.0,ours_ede,5800,20
21.34826432636629,9.44671163991373,9.91611626299099,15.200000000000003,18.099999999999994,69.52229880370457,0.3069327731092437,21.0,coverage_max,11560,20
20.00811766568098,11.953908548020015,12.330446104003258,18.0,21.099999999999994,41.40380264699569,0.2279157667386611,23.0,weighted_centroid,40,20
21.34826432636629,9.44671163991373,9.91611626299099,15.200000000000003,18.099999999999994,69.52229880370457,0.3069327731092437,21.0,min_sum,11560,20
47.41698219537196,14.331127115877402,15.012512496213597,22.1,23.19999999999999,32.376020304406175,0.25402654867256635,30.0,ours,5320,21
52.14976929833163,13.53119171689352,14.298080249285759,22.1,23.19999999999999,38.75154829538611,0.2751876172607881,30.0,ours_ede,5720,21
61.558840286664484,13.293592195244742,14.240601276827565,22.500000000000007,29.0,47.447111989636035,0.29353360488798375,36.0,coverage_max,12160,21
66.52172255381414,13.887640865689226,14.847645827992658,25.300000000000004,29.0,43.54401299191196,0.30125968992248064,36.0,weighted_centroid,40,21
61.558840286664484,13.293592195244742,14.240601276827565,22.500000000000007,29.0,47.447111989636035,0.29353360488798375,36.0,min_sum,12160,21
20.130647614742912,12.685627791152797,13.03800669700458,18.300000000000004,21.049999999999997,27.441278541705987,0.21075697211155386,23.0,ours,5640,22
20.130647614742912,12.685627791152797,13.03800669700458,18.300000000000004,21.049999999999997,27.441278541705987,0.21075697211155386,23.0,ours_ede,6000,22
29.3905479425737,12.861684125484377,13.353146933831255,19.0,22.099999999999994,40.767619879130315,0.24430000000000018,26.0,coverage_max,12200,22
19.229791106768946,12.684305643923649,13.023532553125204,18.300000000000004,21.049999999999997,24.508501016502358,0.20365612648221343,23.0,weighted_centroid,40,22
29.3905479425737,12.861684125484377,13.353146933831255,19.0,22.099999999999994,40.767619879130315,0.24430000000000018,26.0,min_sum,12200,22
22.102546517188895,15.651207142628166,15.992211297892068,22.400000000000006,26.099999999999994,8.971290502250955,0.1813709677419355,30.0,ours,6200,23
25.08849092528362,11.951939589631605,12.441629476342749,21.1,24.14999999999999,45.75342064070648,0.22183026584867083,29.0,ours_ede,6280,23
86.50502052280285,12.153862485509578,13.371724661111813,24.70000000000001,34.099999999999994,55.15208058757246,0.3598717948717949,39.0,coverage_max,15880,23
34.41221234836577,12.78644111391945,13.395565693887077,21.400000000000006,27.14999999999999,34.45663495650814,0.23040037243947875,33.0,weighted_centroid,40,23
25.08849092528362,11.951939589631605,12.441629476342749,21.1,24.14999999999999,45.75342064070648,0.22183026584867083,29.0,min_sum,15880,23
28.31696181707665,16.5753445311602,16.971335181712583,26.1,27.049999999999997,5.438497594717717,0.18751885369532428,28.0,ours,7480,24
29.163422291820453,15.92231834416318,16.349496630684943,25.1,28.049999999999997,8.530641685360255,0.19351289833080432,30.0,ours_ede,7120,24
107.44061468661779,11.977086725179253,13.399804964497656,31.300000000000004,39.05,63.30301316504844,0.4260333863275041,41.0,coverage_max,22000,24
71.05465898950057,14.529515990608973,15.502870353909488,28.300000000000004,35.099999999999994,34.429120132320094,0.31095588235294125,38.0,weighted_centroid,40,24
63.55052674990657,12.43663339910209,13.426392780459004,26.300000000000004,33.099999999999994,53.61608964225286,0.3404424040066778,36.0,min_sum,22000,24
31.099013623343474,29.38147994647387,29.62407029336664,35.1,36.05,2.8687381490398676,0.09403553299492384,39.0,ours,4600,25
310.1900908537608,18.856145633326665,21.244038998129714,51.1,52.05,45.04581328076799,0.4670849420849421,54.0,ours_ede,5560,25
409.97705199410234,18.720773424244975,21.459553983389547,55.1,57.05,63.89014961428959,0.5350258732212161,59.0,coverage_max,10240,25
431.9469443729947,23.577609100742706,26.360473023739814,60.2,62.05,35.09788197206046,0.4476570545829044,64.0,weighted_centroid,40,25
409.97705199410234,18.720773424244975,21.459553983389547,55.1,57.05,63.89014961428959,0.5350258732212161,59.0,min_sum,10240,25
35.282555656975696,18.343322227908132,18.789522533384524,28.0,29.0,6.182607079379235,0.1859333333333335,30.0,ours,5240,26
69.80868344151553,12.561773341039963,13.544091078493548,24.1,26.0,50.69853337061849,0.3515799256505576,27.0,ours_ede,5680,26
89.80079380479997,13.649302439769066,14.793745074032973,28.0,30.049999999999997,55.7419606812245,0.37691637630662034,31.0,coverage_max,12400,26
62.04206480681552,14.870681955345876,15.694680447897223,26.0,26.049999999999997,33.14790874648388,0.28332012678288443,30.0,weighted_centroid,40,26
69.80868344151553,12.561773341039963,13.544091078493548,24.1,26.0,50.69853337061849,0.3515799256505576,27.0,min_sum,12400,26
12.855423801090948,8.599574827024496,8.936380795350715,14.0,17.049999999999997,83.64028286297209,0.22727920227920229,19.0,ours,5000,27
12.855423801090948,8.599574827024496,8.936380795350715,14.0,17.049999999999997,83.64028286297209,0.22727920227920229,19.0,ours_ede,5120,27
12.855423801090948,8.599574827024496,8.936380795350715,14.0,17.049999999999997,83.64028286297209,0.22727920227920229,19.0,coverage_max,8320,27
15.065121396461496,8.87611610370149,9.246311060056103,14.0,18.0,74.1246890182569,0.23632596685082885,20.0,weighted_centroid,40,27
12.855423801090948,8.599574827024496,8.936380795350715,14.0,17.049999999999997,83.64028286297209,0.22727920227920229,19.0,min_sum,8320,27
25.797225227785784,10.696463742565856,11.197435033153026,17.0,18.300000000000004,51.81567778564203,0.2467725623178061,23.0,coverage_max,10000,28
20.959939107509072,12.285839095790589,12.665981261686834,17.0,18.1,31.284263319519244,0.2020665901262917,24.0,weighted_centroid,40,28
39.14010209394768,23.59245519605103,23.98368452449716,32.2,35.0,1.540330487242821,0.1543676312968918,35.0,ours,5080,29
65.22139642440858,17.901632889784928,18.66429235582104,28.1,31.099999999999994,17.57803127203725,0.2523039889958736,35.0,ours_ede,5840,29
178.64082261213755,19.572827322649008,21.137571572082003,38.1,39.099999999999994,39.45383888147732,0.3517414403778041,43.0,coverage_max,11840,29
52.865733230181064,18.260270600380483,18.88507260493495,28.1,30.0,14.569880401911265,0.23261316872427984,32.0,weighted_centroid,40,29
65.22139642440858,17.901632889784928,18.66429235582104,28.1,31.099999999999994,17.57803127203725,0.2523039889958736,35.0,min_sum,11840,29
28.838661881259416,26.408960484351795,26.673619997328636,33.0,35.0,0.0,0.11978383458646635,41.0,ours,5960,30
54.273301413818686,12.78166010525599,13.650624483791361,23.0,23.049999999999997,42.39964127161293,0.305827067669173,38.0,ours_ede,5840,30
61.248999252334855,13.510601405947826,14.40827523536429,21.300000000000004,26.099999999999994,46.30598195120893,0.30697781885397424,36.0,coverage_max,14080,30
54.99744997067165,13.038070686392885,13.885464544609334,22.1,23.099999999999994,40.47146780988074,0.3016294227188083,36.0,weighted_centroid,40,30
56.130974285159574,12.94831960759675,13.802825576270262,21.300000000000004,25.049999999999997,45.51830142239052,0.3075670498084293,34.0,min_sum,14080,30
18.47647577292133,13.354556923663695,13.674520524347713,21.1,24.0,22.187780963461613,0.18140569395017803,25.0,ours,5720,31
30.56205668728557,10.336581091925762,10.93815622046038,19.300000000000004,22.19999999999999,57.046221887340266,0.29917012448132785,28.0,ours_ede,5800,31
30.85910602642808,10.787785744908101,11.384142148664372,19.400000000000006,23.249999999999986,59.860612085639566,0.28648514851485163,28.0,coverage_max,12800,31
21.057733335247033,13.302331522464684,13.664446547577892,20.200000000000003,25.049999999999997,25.728076212266437,0.19444444444444464,27.0,weighted_centroid,40,31
26.39206740992382,11.644567563730615,12.127942601106312,18.0,20.0,50.661995549490726,0.2568080357142859,24.0,min_sum,12800,31
16.23663357422475,20.843295293746607,21.026235912996462,25.0,27.0,4.279095615426213,0.11428571428571432,28.0,ours,7120,32
17.938690007562595,17.672063984499037,17.90648820057716,22.200000000000003,24.049999999999997,4.279095615426213,0.13714285714285723,25.0,ours_ede,6760,32
120.22217167196752,17.045868383706097,18.330063482327123,32.1,34.0,45.899896507759834,0.35637404580152676,36.0,coverage_max,18880,32
30.06212267047695,17.771959589454973,18.14877346843742,23.1,25.099999999999994,8.036912080138398,0.17866379310344827,28.0,weighted_centroid,40,32
92.61114608796206,16.90023099277337,17.959906989692744,30.0,32.0,37.06186023330064,0.32200460829493105,34.0,min_sum,18880,32
26.140742794189237,16.483379651461306,16.851770401256665,23.0,24.049999999999997,8.163778699479456,0.18114173228346475,30.0,ours,6360,33
37.27361882404205,12.60566797389547,13.244979854161443,20.1,25.0,47.977562109599965,0.24085365853658547,30.0,ours_ede,6440,33
68.52240038956575,14.076884944247027,15.024024670322541,26.0,27.249999999999986,54.94363501539583,0.2932242990654206,35.0,coverage_max,17040,33
35.43121727800723,12.190766218855623,12.809140391325446,19.0,24.14999999999999,47.430427805418994,0.24735067437379588,27.0,weighted_centroid,40,33
37.27361882404205,12.60566797389547,13.244979854161443,20.1,25.0,47.977562109599965,0.24085365853658547,30.0,min_sum,17040,33
62.273021272072036,25.662396751932334,26.203813758431124,36.0,36.05,5.864294551260238,0.18565989847715736,38.0,ours,5480,34
236.6862934070031,19.261966404680454,21.283771865807882,45.2,48.19999999999999,35.6477874404744,0.4218823529411766,54.0,ours_ede,5440,34
357.3246708106451,21.30983116924717,23.856014590281898,54.2,57.14999999999999,42.88034800734652,0.4225000000000001,63.0,coverage_max,10760,34
224.43910708788925,19.21741885094305,21.172883351966828,45.1,47.19999999999999,37.64682914704213,0.4179761904761905,53.0,weighted_centroid,40,34
110.85587763445602,20.26147225281621,21.378629153207367,37.0,38.19999999999999,14.833313159416752,0.31732164449818634,44.0,min_sum,10760,34
21.898236688918917,11.809882783374485,12.211707724260462,18.0,19.049999999999997,45.44950754581942,0.23489247311827977,23.0,ours,6120,35
26.51199492985115,10.940023570138376,11.44113857579135,19.1,20.0,50.22571534738064,0.2744356659142213,21.0,ours_ede,6160,35
25.996304290550217,11.687246630486404,12.1552392294063,18.0,19.049999999999997,51.13872298214911,0.2523809523809524,21.0,coverage_max,12640,35
25.05318760200456,11.232066004546201,11.702107420073,19.0,20.049999999999997,47.715428748173366,0.2623068432671083,21.0,weighted_centroid,40,35
26.51199492985115,10.940023570138376,11.44113857579135,19.1,20.0,50.22571534738064,0.2744356659142213,21.0,min_sum,12640,35
36.86368980294755,26.527801518609618,26.8682998148762,35.1,38.14999999999999,0.0,0.12619926199262,45.0,ours,7280,36
115.05471940804934,15.465979074876948,17.062621880530706,23.1,28.349999999999923,17.14701617066916,0.27919303797468364,60.0,ours_ede,7320,36
146.10309340178418,16.077849736448755,17.66220489373397,32.1,34.64999999999996,48.42170592186494,0.37645348837209314,53.0,coverage_max,19800,36
130.97695953814423,17.09854643044475,18.762258275031915,24.300000000000004,29.499999999999915,26.574858922166776,0.273787446504993,64.0,weighted_centroid,40,36
115.05471940804934,15.465979074876948,17.062621880530706,23.1,28.349999999999923,17.14701617066916,0.27919303797468364,60.0,min_sum,19800,36
33.00119408684851,13.423930201493308,13.95084258534886,20.0,21.049999999999997,27.12504978705606,0.24624060150375948,30.0,ours,5520,37
33.00119408684851,13.423930201493308,13.95084258534886,20.0,21.049999999999997,27.12504978705606,0.24624060150375948,30.0,ours_ede,5240,37
49.40773108469214,13.016285418580546,13.843344802010657,21.300000000000004,24.19999999999999,45.67450916350372,0.2798204158790172,40.0,coverage_max,10520,37
46.40366181774966,13.83297203596927,14.575797297130473,21.300000000000004,24.19999999999999,30.93771120224096,0.2637900355871887,39.0,weighted_centroid,40,37
47.7267272512149,12.509093897923332,13.297994564434221,21.0,22.14999999999999,38.986709457020126,0.29849514563106805,37.0,min_sum,10520,37
28.095660877184876,32.41771213452924,32.62919629824202,41.0,42.0,0.0,0.10308429118773965,43.0,ours,6320,38
56.28237436642163,16.065098505799064,16.813368319770095,29.200000000000003,31.099999999999994,33.40844295391075,0.24808802308802314,35.0,ours_ede,6360,38
85.51218086823117,17.06612282640504,18.077910305135298,31.300000000000004,38.099999999999994,37.523846537992114,0.2952304737516005,42.0,coverage_max,16720,38
57.7140273719767,16.76663331787653,17.502746342566486,31.0,32.099999999999994,33.83549456728796,0.24217877094972073,35.0,weighted_centroid,40,38
57.639106744093354,16.17268961633483,16.92925379199199,28.0,30.099999999999994,21.258198315084154,0.26183800623052966,33.0,min_sum,16720,38
41.45921719851531,16.505641667942523,17.04808021360421,24.1,26.049999999999997,21.654231880426035,0.2389498432601882,28.0,ours,5600,39
56.459707729136895,15.774713312598877,16.50176377155593,26.0,28.0,23.80192806159316,0.2814000000000001,29.0,ours_ede,5920,39
149.97037328684007,18.808476875718192,20.254680239730224,38.0,40.0,38.965207837194114,0.35315286624203823,40.0,coverage_max,13600,39
66.57097997024533,17.99912372615844,18.775262867434524,29.200000000000003,31.049999999999997,22.808683511295506,0.2571329639889197,32.0,weighted_centroid,40,39
56.459707729136895,15.774713312598877,16.50176377155593,26.0,28.0,23.80192806159316,0.2814000000000001,29.0,min_sum,13600,39
30.52518253129208,29.384114606688794,29.624437620036957,35.1,37.05,2.15756497771686,0.10403225806451633,38.0,ours,5440,40
231.45868579532487,18.763027515446005,20.77042292743164,47.1,50.0,34.844609051660875,0.39179600886917965,51.0,ours_ede,6080,40
299.4071957846978,18.474229144035924,20.801606341791462,50.1,53.05,51.474583082412515,0.4415021929824563,54.0,coverage_max,14840,40
336.24750796161794,21.849583726000628,24.27485524695538,55.1,58.05,44.20846692553428,0.41238049713193115,59.0,weighted_centroid,40,40
231.45868579532487,18.763027515446005,20.77042292743164,47.1,50.0,34.844609051660875,0.39179600886917965,51.0,min_sum,14840,40
37.4451713938296,15.231727441974044,15.77408265988505,23.1,24.249999999999986,27.5742353011019,0.22532948929159802,30.0,ours,6160,41
51.671706379483034,14.891895864515757,15.600447314047926,26.1,27.049999999999997,26.823487030729098,0.26761363636363655,28.0,ours_ede,6160,41
84.18617927419972,14.800475255597227,15.862863563170222,28.300000000000004,33.0,48.62306883483966,0.32632192846034225,34.0,coverage_max,14640,41
39.6292455175049,15.270549486222352,15.832361052481824,24.1,25.14999999999999,19.350161948977572,0.23280487804878058,29.0,weighted_centroid,40,41
39.26461096370835,15.39922313497771,15.961819161323255,22.0,25.249999999999986,26.803006835122574,0.23113598673300184,31.0,min_sum,14640,41
30.163720117541075,28.871849643359226,29.127227161747587,34.2,38.05,0.0,0.09972198460222415,45.0,ours,6360,42
132.661737151457,14.56296351183111,16.070978521838203,37.300000000000004,40.05,52.141699292387486,0.38234355044699875,44.0,ours_ede,6360,42
178.34014453305372,15.608327474910462,17.39438938099887,42.2,45.05,59.0029159221065,0.4056301050175031,47.0,coverage_max,16880,42
122.57118276070541,16.855101650979126,18.206613889108425,38.300000000000004,41.05,36.4936617993013,0.33078703703703716,45.0,weighted_centroid,40,42
132.661737151457,14.56296351183111,16.070978521838203,37.300000000000004,40.05,52.141699292387486,0.38234355044699875,44.0,min_sum,16880,42
35.13443885611992,17.524183392649384,17.974231253902236,25.1,26.099999999999994,16.09038593006363,0.18586330935251816,29.0,ours,5640,43
38.35954373806392,14.777680506782005,15.350314062331954,23.1,25.14999999999999,28.26789593736497,0.22599502487562195,30.0,ours_ede,6000,43
189.15513289380533,17.798791600688112,19.52413017908285,38.2,41.099999999999994,53.80357979030907,0.4020460358056266,45.0,coverage_max,13200,43
37.54295881670898,16.11506826109595,16.64282099050246,24.200000000000003,27.099999999999994,18.796362281282384,0.20620243531202442,31.0,weighted_centroid,40,43
35.29873813380115,14.99507543708027,15.509127821881552,23.0,23.14999999999999,23.858264626802054,0.21593178036605676,28.0,min_sum,13200,43
30.597865047385074,26.538156881696025,26.821515254575033,35.1,37.14999999999999,0.0,0.11157407407407427,40.0,ours,6920,44
48.36742369158428,18.98558965310825,19.57195717107955,30.1,32.05,4.608023348327852,0.19725031605562582,39.0,ours_ede,7240,44
262.07452354374243,22.238870147817025,24.197580931269815,45.1,48.05,42.075881276398256,0.3421188026192705,56.0,coverage_max,20240,44
55.06615384424551,19.84868891393069,20.48053945372393,31.1,32.14999999999999,3.341058206882875,0.20124703087885987,41.0,weighted_centroid,40,44
120.39929037690341,20.88022011842317,22.014545191954596,30.1,35.39999999999998,26.178902908425215,0.3276845637583894,44.0,min_sum,20240,44
12.537804790892684,9.836046359048066,10.117268998863919,15.0,15.049999999999997,54.560054203691855,0.24278074866310173,19.0,ours,5200,45
12.907580704854984,9.735526247755708,10.02907975714736,15.0,16.0,62.292667727934145,0.24797297297297316,18.0,ours_ede,5160,45
19.14691909488524,9.717931360898113,10.134684206070887,15.300000000000004,18.049999999999997,64.83533895119027,0.2795822102425878,19.0,coverage_max,9120,45
13.798706320671874,10.766145481870987,11.054782423599697,17.1,18.0,40.84883229467574,0.22766990291262146,18.0,weighted_centroid,40,45
24.722121402428307,9.562968619662758,10.084783104114466,17.0,19.049999999999997,61.51245526489012,0.3149182561307904,20.0,min_sum,9120,45
20.06718406638302,14.421980927221702,14.73997408926849,21.0,21.049999999999997,22.61075744847471,0.16516393442622967,23.0,ours,5320,46
28.53457139152655,12.12911345317468,12.613555789065446,20.0,20.049999999999997,34.63490727142846,0.23056680161943333,22.0,ours_ede,5440,46
58.67106797766133,12.976282547030426,13.819574206575748,23.200000000000003,26.0,47.20985371901861,0.3175493716337523,28.0,coverage_max,10640,46
24.29734445583616,11.979999646586068,12.41463399184879,19.0,19.0,42.07431482616777,0.2115157480314962,21.0,weighted_centroid,40,46
28.53457139152655,12.12911345317468,12.613555789065446,20.0,20.049999999999997,34.63490727142846,0.23056680161943333,22.0,min_sum,10640,46
62.25719292419961,13.776795166483858,14.641903969384119,24.200000000000003,25.200000000000003,50.308838952514236,0.3153988868274584,28.0,coverage_max,11960,47
56.49866164229304,13.050149506466067,13.86979333938867,24.0,24.0,39.635540465853836,0.3247524752475248,27.0,weighted_centroid,40,47
243.99330907247585,37.08952587348852,38.52234212458701,58.1,61.05,1.9843476317695314,0.23374576271186442,77.0,min_sum,11960,47
59.150451430207305,30.130242960773845,30.58323490889872,38.0,38.14999999999999,0.0,0.13606048053024034,42.0,ours,6000,48
86.51984853754144,18.384172482649756,19.329980378372458,33.0,35.099999999999994,21.095004218147945,0.25069696969696986,38.0,ours_ede,6200,48
187.00970044317415,20.00870194035357,21.697370727569186,46.0,48.14999999999999,34.672643963708424,0.32121647509578555,52.0,coverage_max,16400,48
103.19578096908853,19.269578977547184,20.298462807814772,32.300000000000004,35.0,26.755923784895963,0.2473854289071682,36.0,weighted_centroid,40,48
98.22686262307916,19.794549447151564,20.783860582842216,30.1,32.34999999999998,21.057748902276497,0.2582917705735661,39.0,min_sum,16400,48
16.769755446862852,14.102094587753406,14.375527471970376,20.1,21.0,18.05837268354828,0.16542179261862922,23.0,ours,5880,49
26.62431945754789,12.443040733931245,12.913631453476562,21.1,23.049999999999997,33.803079432276036,0.23822957198443584,24.0,ours_ede,5800,49
49.76102448203652,12.725194246888487,13.510767048615755,25.0,27.049999999999997,54.68941611724437,0.3045454545454547,29.0,coverage_max,12080,49
17.926253125386044,13.027404560890982,13.343197038478461,19.1,20.049999999999997,32.43365140081776,0.1876908396946566,23.0,weighted_centroid,40,49
26.62431945754789,12.443040733931245,12.913631453476562,21.1,23.049999999999997,33.803079432276036,0.23822957198443584,24.0,min_sum,12080,49
43.48628736167211,14.8844549516967,15.522255130043426,25.1,26.14999999999999,25.71034003985231,0.24222129783693847,29.0,ours,5600,50
49.3058450655759,12.583948819316854,13.373651836583596,25.0,26.0,53.684411852391555,0.3017619047619049,30.0,ours_ede,5520,50
73.66700454823625,11.631537407995431,12.759191871147955,25.300000000000004,33.0,58.950212677959236,0.3827299412915852,37.0,coverage_max,11240,50
58.91941252338328,12.56735367091246,13.470575786768045,23.1,29.049999999999997,48.72269311452017,0.33823251417769384,33.0,weighted_centroid,40,50
57.58632828712336,11.512490705810405,12.444616381188894,22.1,28.049999999999997,53.220122649412325,0.3526985743380857,32.0,min_sum,11240,50
21.375722380048785,11.516406874254194,11.923584457696592,18.0,18.049999999999997,46.060308303948574,0.22727765726681137,26.0,ours,5480,51
27.827046674792673,10.10270063703554,10.661812890840208,17.1,20.0,61.77851162564056,0.30932098765432103,28.0,ours_ede,5920,51
50.50690724250526,11.787317007981125,12.634033426621798,22.300000000000004,28.0,62.71880970226577,0.31911177644710587,35.0,coverage_max,13400,51
27.281453296292725,9.947373449931975,10.50557600263808,17.1,20.0,63.64656477550452,0.30962500000000004,28.0,weighted_centroid,40,51
27.827046674792673,10.10270063703554,10.661812890840208,17.1,20.0,61.77851162564056,0.30932098765432103,28.0,min_sum,13400,51
35.98866648106475,15.383253604334207,15.901347368220788,23.300000000000004,26.049999999999997,24.21557852385078,0.23003194888178924,30.0,ours,5680,52
44.116950988213226,14.470890750264244,15.114456232680716,26.1,27.049999999999997,31.59340669164231,0.26501623376623384,28.0,ours_ede,6040,52
62.473615410545534,11.977138347911659,12.975384793357597,31.1,33.05,55.85525198760638,0.36163793103448283,34.0,coverage_max,13320,52
60.25025173567122,11.211702730863596,12.19367622501912,28.1,30.099999999999994,52.09600496646222,0.37742537313432845,33.0,weighted_centroid,40,52
60.744127771354286,11.152850361656045,12.149466049085161,29.1,31.049999999999997,52.42623215411454,0.3810408921933086,33.0,min_sum,13320,52
9.774822353558463,16.16793701289226,16.31635648663281,22.0,22.099999999999994,0.0,0.11394817073170738,25.0,ours,4480,53
13.873583882790383,9.690025896261915,10.019057379699312,15.200000000000003,17.099999999999994,71.00896225839021,0.21803482587064682,22.0,ours_ede,4480,53
13.873583882790383,9.690025896261915,10.019057379699312,15.200000000000003,17.099999999999994,71.00896225839021,0.21803482587064682,22.0,coverage_max,7400,53
19.14138875265811,10.100409569505663,10.525701892559447,16.0,20.099999999999994,68.78402699640738,0.23857142857142866,24.0,weighted_centroid,40,53
13.873583882790383,9.690025896261915,10.019057379699312,15.200000000000003,17.099999999999994,71.00896225839021,0.21803482587064682,22.0,min_sum,7400,53
22.735201515294584,17.543490311441037,17.845453907844725,24.1,26.049999999999997,4.451056892481442,0.16099717114568612,27.0,ours,4960,54
25.789888657802113,11.48353069215847,11.967629720658941,19.0,20.049999999999997,49.65852859250931,0.26325503355704716,24.0,ours_ede,5200,54
25.789888657802113,11.48353069215847,11.967629720658941,19.0,20.049999999999997,49.65852859250931,0.26325503355704716,24.0,coverage_max,8600,54
28.82135291122807,12.581356533120314,13.07542518181483,20.1,21.099999999999994,40.520222875193085,0.24778106508875752,28.0,weighted_centroid,40,54
25.789888657802113,11.48353069215847,11.967629720658941,19.0,20.049999999999997,49.65852859250931,0.26325503355704716,24.0,min_sum,8600,54
41.46255136026323,21.530248409700114,21.97269299672306,29.1,30.099999999999994,4.242841331448312,0.18484848484848504,37.0,ours,5880,55
78.50134472634997,15.208755770097339,16.185052597216607,29.0,30.0,34.16231968301853,0.28974820143884905,37.0,ours_ede,6240,55
99.93319774600819,15.371203100208572,16.537285977952312,31.0,32.05,40.38919450897523,0.3190277777777779,39.0,coverage_max,16200,55
58.957133493650545,16.04153519586474,16.804754320806296,27.0,28.049999999999997,33.445103445245955,0.24802725968436157,34.0,weighted_centroid,40,55
45.06488855519027,16.20872547464025,16.829175068760318,28.1,29.049999999999997,19.8961658616244,0.22408675799086764,32.0,min_sum,16200,55
34.22562056199761,18.463671233870386,18.87171620060611,25.0,26.049999999999997,8.942748414987706,0.1687333333333334,28.0,ours,5560,56
47.88762382828699,12.474628599088492,13.229099017195715,23.0,26.099999999999994,52.48047906440095,0.3164018691588786,29.0,ours_ede,5880,56
47.88762382828699,12.474628599088492,13.229099017195715,23.0,26.099999999999994,52.48047906440095,0.3164018691588786,29.0,coverage_max,14080,56
48.18429207772034,13.467881804681696,14.189343343467801,24.0,27.099999999999994,39.67336002067629,0.29442508710801407,30.0,weighted_centroid,40,56
47.88762382828699,12.474628599088492,13.229099017195715,23.0,26.099999999999994,52.48047906440095,0.3164018691588786,29.0,min_sum,14080,56
21.56215788072016,13.673947512289983,14.025722749883077,19.0,21.049999999999997,26.124318440722742,0.19157458563535923,23.0,ours,5480,57
33.40723989963616,12.296340892768571,12.847084873703286,20.1,21.049999999999997,38.11715937807319,0.26289062500000004,25.0,ours_ede,5760,57
50.65120029616896,14.80244821163431,15.504374265907062,26.0,27.049999999999997,39.120793229127,0.2686608557844692,30.0,coverage_max,12800,57
26.98497509254838,13.54905776846493,13.981427678412425,20.0,21.049999999999997,29.15660154240217,0.21858047016274873,26.0,weighted_centroid,40,57
33.40723989963616,12.296340892768571,12.847084873703286,20.1,21.049999999999997,38.11715937807319,0.26289062500000004,25.0,min_sum,12800,57
35.627502613385126,17.857785719645594,18.302366077356222,25.1,27.0,13.669213393003982,0.20388243831640063,28.0,ours,5520,58
43.11654995558761,15.128233369222583,15.737212263678181,25.1,26.0,26.329479442964853,0.23408333333333342,26.0,ours_ede,6000,58
70.29142783473725,16.295116401017207,17.170478363585275,28.1,32.0,29.633649082022007,0.28006329113924067,34.0,coverage_max,13920,58
45.64011495056951,15.650204133760473,16.274069618163306,25.0,28.0,21.93924182541423,0.2376633986928105,28.0,weighted_centroid,40,58
48.54008116616885,15.352091751484922,16.021831387252846,24.1,29.0,26.343266290894917,0.2513912310286679,29.0,min_sum,13920,58
55.61446560461931,36.094121428687906,36.4660212411944,41.1,50.14999999999999,0.0,0.13443820224719105,55.0,ours,6080,59
280.9809643070072,17.84337986046076,20.1353089414238,52.1,56.0,50.49831712925354,0.41520432692307696,59.0,ours_ede,6040,59
249.09936318318907,18.317517051721584,20.47829219577064,50.300000000000004,53.05,51.827953565997106,0.39460049937578034,56.0,coverage_max,13320,59
260.7623306617522,18.91623668490668,21.11042287763167,51.300000000000004,55.0,46.83497811881302,0.3875592417061613,57.0,weighted_centroid,40,59
249.09936318318907,18.317517051721584,20.47829219577064,50.300000000000004,53.05,51.827953565997106,0.39460049937578034,56.0,min_sum,13320,59
17.11477001463077,10.863341596262737,11.210235454073963,16.1,18.0,49.41366371545002,0.21844827586206916,20.0,ours,5160,60
25.259656192107848,8.640287087585545,9.212092830803348,14.0,16.19999999999999,64.6357642629783,0.30890313390313406,24.0,ours_ede,5280,60
27.313437388880306,9.793238858407806,10.370824162841926,16.0,19.19999999999999,65.87656946064287,0.2923469387755102,24.0,coverage_max,9920,60
26.993982302377766,9.046771399518878,9.636679521254136,14.200000000000003,17.19999999999999,58.26087610285493,0.3074250681198911,25.0,weighted_centroid,40,60
25.259656192107848,8.640287087585545,9.212092830803348,14.0,16.19999999999999,64.6357642629783,0.30890313390313406,24.0,min_sum,9920,60
26.9376493019389,21.221701128845503,21.51791009654413,27.1,29.049999999999997,2.570814145278013,0.14186819830713437,30.0,ours,5280,61
38.874295977418974,13.61013672178997,14.222785460604872,19.60000000000001,25.099999999999994,32.03485267799422,0.259659090909091,29.0,ours_ede,5400,61
58.81762645268869,11.037080463386847,12.052341091864916,17.80000000000001,25.099999999999994,63.07271000002018,0.3501157407407409,38.0,coverage_max,10200,61
49.48458257548445,12.564284589041854,13.394960488411897,21.300000000000004,26.0,41.597084190033776,0.3004132231404959,37.0,weighted_centroid,40,61
58.81762645268869,11.037080463386847,12.052341091864916,17.80000000000001,25.099999999999994,63.07271000002018,0.3501157407407409,38.0,min_sum,10200,61
40.14099865699126,16.74165664714796,17.261581630197,24.1,27.049999999999997,17.991035383847525,0.22507680491551474,29.0,ours,5320,62
50.19296664948058,14.513465849651466,15.21735506408668,24.1,25.14999999999999,35.58562681130508,0.28785714285714303,28.0,ours_ede,5680,62
65.25470803918286,15.001563484650083,15.862214302755476,26.200000000000003,28.0,37.496942579183845,0.311293103448276,33.0,coverage_max,11280,62
53.59927741559785,17.294292256053073,17.96175756625784,24.400000000000006,28.19999999999999,16.495358673282222,0.22551698670605624,35.0,weighted_centroid,40,62
50.19296664948058,14.513465849651466,15.21735506408668,24.1,25.14999999999999,35.58562681130508,0.28785714285714303,28.0,min_sum,11280,62
55.90407084889165,14.993620655318878,15.751521589476404,25.0,25.14999999999999,23.595309891049475,0.26119834710743817,29.0,ours,5840,63
60.35897262997262,14.66944908987156,15.502388304674174,27.0,28.0,42.98060653330251,0.28066666666666684,30.0,ours_ede,6280,63
60.35897262997262,14.66944908987156,15.502388304674174,27.0,28.0,42.98060653330251,0.28066666666666684,30.0,coverage_max,13360,63
55.78843610414944,16.3383088047147,17.05781138671858,23.0,24.049999999999997,29.172748059270393,0.23139445300462258,34.0,weighted_centroid,40,63
60.35897262997262,14.66944908987156,15.502388304674174,27.0,28.0,42.98060653330251,0.28066666666666684,30.0,min_sum,13360,63
47.8834550679484,28.990328023846715,29.378690996254015,40.1,41.099999999999994,0.0,0.14987623762376256,43.0,ours,6320,64
300.0399646722366,19.60012395049971,21.96351986576109,57.0,59.0,30.430837549582634,0.3743305439330544,60.0,ours_ede,6320,64
413.1351022600845,21.940503564449862,24.71946308305558,63.2,66.05,52.8965148911835,0.378848946986202,69.0,coverage_max,16840,64
251.07387189566623,21.584364250141814,23.638054257712906,54.2,56.05,22.201864796845513,0.34136513157894743,59.0,weighted_centroid,40,64
105.72568335428778,23.28118504126833,24.242540170490432,42.1,44.0,13.350017781622418,0.2727447216890595,46.0,min_sum,16840,64
44.40219061175141,26.361668461188025,26.7635419718401,34.0,39.0,0.0,0.1394295302013424,41.0,ours,5680,65
73.30072417632736,12.892070901857188,13.920472387811087,23.0,24.34999999999998,46.38242340672007,0.3620707070707072,33.0,ours_ede,5880,65
68.21076330957095,14.765938443040605,15.683601440598483,23.200000000000003,30.0,48.276672982602534,0.29899299474605967,33.0,coverage_max,13160,65
77.75490708928724,13.111649368349006,14.176078564006295,24.1,26.19999999999999,46.38242340672007,0.37162698412698414,35.0,weighted_centroid,40,65
73.30072417632736,12.892070901857188,13.920472387811087,23.0,24.34999999999998,46.38242340672007,0.3620707070707072,33.0,min_sum,13160,65
26.719464144389953,25.06801746268101,25.324831176357534,31.1,34.099999999999994,0.0,0.10739087301587302,38.0,ours,6360,66
131.0158912957933,15.609074570516166,17.076947091211885,32.1,41.099999999999994,49.44807956293847,0.37593390804597715,45.0,ours_ede,6520,66
195.5844351494481,17.317772918479637,19.14227486149602,38.1,47.099999999999994,53.73770760129511,0.4063924050632912,51.0,coverage_max,17360,66
73.92577119112232,16.332525470037936,17.288059572801536,27.200000000000003,36.099999999999994,25.213598229801747,0.2752180232558141,41.0,weighted_centroid,40,66
131.0158912957933,15.609074570516166,17.076947091211885,32.1,41.099999999999994,49.44807956293847,0.37593390804597715,45.0,min_sum,17360,66
44.732796048116604,28.092276788584055,28.461660000799974,34.2,39.05,2.0060639409541894,0.13482142857142865,42.0,ours,5720,67
87.91056982894239,17.93139536466881,18.93557305746481,30.60000000000001,37.05,20.15269843911289,0.27659279778393353,39.0,ours_ede,6560,67
215.44294435742344,19.188305458544377,21.078573481682458,42.50000000000001,49.05,44.73222902296571,0.40951443569553825,51.0,coverage_max,15480,67
118.65311739107412,20.54491536103011,21.7333042318237,37.50000000000001,43.099999999999994,15.143067699084284,0.2773550724637681,45.0,weighted_centroid,40,67
154.72446853650357,17.778549191459327,19.33633647265671,37.50000000000001,43.099999999999994,40.953422711067766,0.38135714285714295,45.0,min_sum,15480,67
31.41993364670097,21.65677762149108,21.995123156518805,28.200000000000003,30.0,5.077162241790823,0.15323050058207222,37.0,ours,5880,68
37.80580557162582,17.19122623732036,17.68775727665148,26.0,28.14999999999999,11.919498968864579,0.20239130434782626,33.0,ours_ede,6280,68
85.81344062486785,18.585264052823504,19.532526563191066,30.0,35.0,28.75532653036974,0.26463730569948196,40.0,coverage_max,15840,68
43.82866870538213,17.096313991852906,17.672311017882826,27.200000000000003,31.099999999999994,14.352860057461154,0.22405933429811875,34.0,weighted_centroid,40,68
48.8034544494616,17.22900113157744,17.850939446114353,26.1,29.249999999999986,18.358298851372172,0.2490875912408761,38.0,min_sum,15840,68
27.971300045097664,32.200801624375636,32.416736002056716,39.0,43.05,0.0,0.09539062500000006,48.0,ours,6680,69
271.0287052781359,19.34899040977269,21.524239755937746,47.1,49.14999999999999,42.13830504989313,0.41226114649681533,60.0,ours_ede,7000,69
354.4243862183161,19.892951550944538,22.415962857270713,52.0,54.099999999999994,57.301598632178596,0.4367587939698494,64.0,coverage_max,19560,69
99.81144891868968,23.576375317051237,24.5033946541632,39.2,43.14999999999999,7.09113452707522,0.2411576354679803,51.0,weighted_centroid,40,69
199.2480377655126,20.10418628576674,21.864285285790135,44.0,46.099999999999994,26.237241922938004,0.3621002132196163,56.0,min_sum,19560,69
43.14102108146434,27.249437748061798,27.626156032686627,33.50000000000001,39.05,0.0,0.12582568807339456,42.0,ours,6200,70
57.83800869180555,14.350489561161321,15.189729279934186,23.400000000000006,28.14999999999999,37.618487066201304,0.287972972972973,36.0,ours_ede,6280,70
101.39472878988384,15.72096186573344,16.90246987265089,30.0,31.19999999999999,39.36486285537345,0.3912911611785097,39.0,coverage_max,16080,70
59.550088336617414,14.698525833441224,15.543650625269429,24.300000000000004,29.14999999999999,34.4258843361599,0.28919753086419764,36.0,weighted_centroid,40,70
67.68937923932097,14.28845399035107,15.226976650849066,25.0,30.14999999999999,38.53458204959161,0.3273941068139965,35.0,min_sum,16080,70
26.45279612973237,42.80239246797799,42.95451621696002,50.0,50.05,0.0,0.0681418522860493,52.0,ours,7080,71
182.16469555054388,27.372802295157488,28.763244195836148,51.2,54.05,4.049670382225319,0.2484262948207172,60.0,ours_ede,7360,71
725.7413931699064,29.87020256149187,33.341142832127396,72.2,75.05,50.11355755411836,0.3571167883211679,81.0,coverage_max,21480,71
191.283928663449,28.55408810683538,29.96116276724013,53.1,55.099999999999994,4.049670382225319,0.24354961832061073,62.0,weighted_centroid,40,71
312.6435185341357,34.486918501262906,36.22396295926629,50.2,55.05,15.824477525526689,0.3905619596541787,56.0,min_sum,21480,71
43.90765335021343,15.578378801113754,16.185793365423027,25.0,28.049999999999997,26.03672819504674,0.23197305863708406,30.0,ours,6640,72
49.465676251889285,14.714253650920272,15.40169670253298,24.1,28.0,33.46505947768972,0.2596921797004992,29.0,ours_ede,6400,72
96.57522197772195,15.147301098569624,16.35019040132122,28.400000000000006,32.099999999999994,44.41162984648791,0.3537145242070119,43.0,coverage_max,17360,72
43.62538554773881,13.318513386746451,14.02399670488899,23.0,23.14999999999999,39.20597309985682,0.2604477611940299,34.0,weighted_centroid,40,72
47.14851794361141,13.368717500795926,14.118879240446061,22.200000000000003,24.099999999999994,36.381457990834974,0.2694029850746269,35.0,min_sum,17360,72
15.985304915470907,8.96026950399137,9.357628702128189,15.0,16.049999999999997,77.9047182297583,0.26607142857142874,22.0,ours,5440,73
15.985304915470907,8.96026950399137,9.357628702128189,15.0,16.049999999999997,77.9047182297583,0.26607142857142874,22.0,ours_ede,5600,73
15.985304915470907,8.96026950399137,9.357628702128189,15.0,16.049999999999997,77.9047182297583,0.26607142857142874,22.0,coverage_max,12040,73
17.398950181204285,9.690036057110822,10.095863409090562,16.0,16.099999999999994,59.89544542147408,0.24293893129770994,24.0,weighted_centroid,40,73
27.117403525206274,8.914057532962328,9.517529697487781,15.100000000000001,16.099999999999994,62.87690903651618,0.31152777777777785,26.0,min_sum,12040,73
33.441084489755504,35.017990425657224,35.25050623897213,43.0,44.05,0.0,0.09369565217391318,46.0,ours,7160,74
157.46527666776802,22.266912287664336,23.648313519808486,40.300000000000004,44.14999999999999,21.857653007400003,0.31842825848849965,48.0,ours_ede,8000,74
407.56509968066393,23.924578883958503,26.522167447176287,54.300000000000004,57.14999999999999,45.889559307402216,0.43045023696682483,61.0,coverage_max,22880,74
94.493780241174,23.898304865184162,24.746208341719992,35.300000000000004,40.14999999999999,7.419327956134968,0.23231578947368425,44.0,weighted_centroid,40,74
157.46527666776802,22.266912287664336,23.648313519808486,40.300000000000004,44.14999999999999,21.857653007400003,0.31842825848849965,48.0,min_sum,22880,74
19.85351212029223,18.53467030623434,18.784232244887047,23.300000000000004,26.049999999999997,3.934365379916994,0.13941136671177268,28.0,ours,5440,75
34.26056235578903,16.02910290438291,16.49222698959732,23.0,24.049999999999997,23.29962570247147,0.21226708074534173,26.0,ours_ede,5640,75
194.22525250938457,20.772377333560982,22.36780350481213,37.2,39.0,39.84514815588221,0.37688106796116516,40.0,coverage_max,12920,75
32.58230699621409,17.955247896438483,18.353992097751537,25.1,26.0,13.456855190464687,0.18046984572230018,27.0,weighted_centroid,40,75
34.26056235578903,16.02910290438291,16.49222698959732,23.0,24.049999999999997,23.29962570247147,0.21226708074534173,26.0,min_sum,12920,75
45.108694127442135,24.604156990510017,25.046721391237778,31.1,37.249999999999986,0.0,0.1523944387229661,43.0,ours,4800,76
99.26500104108581,10.418290501572821,12.11301297324057,15.100000000000001,21.19999999999999,60.171646993268155,0.39276155717761574,59.0,ours_ede,5360,76
114.27257322838702,10.891120021790138,12.891713035007662,16.1,17.19999999999999,71.8812803540515,0.3187923250564335,68.0,coverage_max,9840,76
102.19524159893797,10.979110183156836,12.822724548089125,17.0,17.14999999999999,61.26481523787021,0.32013574660633504,64.0,weighted_centroid,40,76
103.5286718825829,10.308538933720873,12.149196018407201,15.300000000000004,18.14999999999999,69.36249431515463,0.3628973105134474,63.0,min_sum,9840,76
36.619216133335584,13.733825670536595,14.332497927039642,20.200000000000003,27.099999999999994,28.25332493648314,0.23441499085923234,29.0,ours,6120,77
48.45011231364641,12.70116811007248,13.472302623824037,21.400000000000006,26.099999999999994,43.81257896721016,0.2847490347490349,29.0,ours_ede,6040,77
49.329479266335795,11.1182637166301,11.972076425477146,22.0,24.049999999999997,58.49993486953138,0.3261853448275862,31.0,coverage_max,13720,77
44.61917283374625,12.106556283844432,12.858499999377893,22.200000000000003,24.14999999999999,50.32850194666759,0.2872736418511068,29.0,weighted_centroid,40,77
49.329479266335795,11.1182637166301,11.972076425477146,22.0,24.049999999999997,58.49993486953138,0.3261853448275862,31.0,min_sum,13720,77
35.01125874134107,20.210587849275186,20.603318431976387,28.0,28.099999999999994,6.778193011041574,0.15851063829787249,30.0,ours,6560,78
51.754053177020864,17.869024084485,18.489434179491113,28.1,30.0,19.26032879768075,0.2055555555555557,30.0,ours_ede,6440,78
215.25347322134067,21.62203560762621,23.34258848547365,42.1,43.099999999999994,37.976843593766134,0.40579800498753116,45.0,coverage_max,16400,78
51.30346453354671,18.334814290040907,18.935905971259153,27.1,29.099999999999994,16.221450321049012,0.19419127086007704,31.0,weighted_centroid,40,78
79.08968198151807,18.29977371277398,19.18446088977285,32.0,33.05,25.712998048199974,0.2534574468085107,34.0,min_sum,16400,78
14.84522436219039,8.308779750853065,8.68229668859553,13.200000000000003,15.0,71.79388062621132,0.26438461538461544,16.0,ours,5440,79
17.57156256821762,8.082800498058953,8.5255277083163,12.200000000000003,15.049999999999997,70.5857308209672,0.2987785016286646,18.0,ours_ede,5400,79
15.973876495523903,8.29445948256819,8.698335977100152,13.0,16.0,72.13907040355055,0.29182242990654217,18.0,coverage_max,9880,79
14.633518555448807,8.115936412229924,8.495872518925125,13.100000000000001,15.049999999999997,76.50996378680887,0.28503184713375807,17.0,weighted_centroid,40,79
17.57156256821762,8.082800498058953,8.5255277083163,12.200000000000003,15.049999999999997,70.5857308209672,0.2987785016286646,18.0,min_sum,9880,79
31.675607761967584,17.729219866204815,18.142842165585737,25.1,28.049999999999997,10.104594844525899,0.17478753541076486,30.0,ours,5760,80
37.686956199083596,14.654783780641102,15.221131819491069,23.0,25.19999999999999,25.525502203850394,0.2266464471403813,29.0,ours_ede,6000,80
79.30467516368373,14.23649647528493,15.320326296780651,23.60000000000001,31.299999999999983,50.17813021652634,0.32544483985765127,37.0,coverage_max,15320,80
52.51680574423705,14.392419317088326,15.18132144655283,22.400000000000006,27.34999999999998,37.95849559388917,0.25886524822695045,34.0,weighted_centroid,40,80
52.471601296107025,13.697561291552189,14.50229668617074,23.200000000000003,26.299999999999983,34.09205107547802,0.27650659133709987,33.0,min_sum,15320,80
30.479132215030265,23.637000273093722,23.945992991375668,31.0,31.0,1.7902461965720702,0.12807203389830524,41.0,ours,5720,81
38.77813423127209,13.214473257741794,13.839704480688415,19.300000000000004,24.049999999999997,29.266288503980988,0.24321561338289976,33.0,ours_ede,5800,81
45.368884506771565,14.562929695945458,15.233244775914418,23.1,27.14999999999999,34.73986173482619,0.2510067114093961,32.0,coverage_max,12560,81
58.41177245888877,14.247977628719402,15.066080633982194,23.0,25.19999999999999,32.67580284464175,0.2923010380622839,37.0,weighted_centroid,40,81
38.77813423127209,13.214473257741794,13.839704480688415,19.300000000000004,24.049999999999997,29.266288503980988,0.24321561338289976,33.0,min_sum,12560,81
18.581508998769284,9.58066906653679,9.996302178779525,16.0,18.049999999999997,62.95850143026086,0.2649224806201551,21.0,ours,5520,82
18.581508998769284,9.58066906653679,9.996302178779525,16.0,18.049999999999997,62.95850143026086,0.2649224806201551,21.0,ours_ede,5560,82
18.581508998769284,9.58066906653679,9.996302178779525,16.0,18.049999999999997,62.95850143026086,0.2649224806201551,21.0,coverage_max,10880,82
18.72682680027555,9.823677091320729,10.230514588352394,16.1,17.0,60.02481409248311,0.252216748768473,20.0,weighted_centroid,40,82
18.581508998769284,9.58066906653679,9.996302178779525,16.0,18.049999999999997,62.95850143026086,0.2649224806201551,21.0,min_sum,10880,82
24.534921773155467,29.169536563710118,29.37148550619326,35.1,36.05,0.0,0.10912836079791854,37.0,ours,5880,83
222.98439365064272,18.268837788046028,20.22055861420988,45.1,46.05,46.42149508982312,0.39391741071428577,48.0,ours_ede,6480,83
353.52804146624834,19.91099120663867,22.443345615998393,54.1,55.05,51.13251502698919,0.4349708171206226,57.0,coverage_max,17080,83
175.5478258650245,19.279535800460035,20.899792191485023,43.0,43.05,39.00353767216988,0.3514150943396228,45.0,weighted_centroid,40,83
222.98439365064272,18.268837788046028,20.22055861420988,45.1,46.05,46.42149508982312,0.39391741071428577,48.0,min_sum,17080,83
74.34410890579792,25.812268618617694,26.539187938824178,30.200000000000003,34.099999999999994,0.0,0.13729819563152912,62.0,ours,5320,84
101.33536298199752,12.839537979302253,14.423284543696116,20.200000000000003,24.049999999999997,49.13527518965963,0.3547131147540985,58.0,ours_ede,5400,84
101.33536298199752,12.839537979302253,14.423284543696116,20.200000000000003,24.049999999999997,49.13527518965963,0.3547131147540985,58.0,coverage_max,10280,84
102.91566302139773,13.62613751515286,15.216822783825904,21.200000000000003,24.049999999999997,45.085882492957865,0.33439922480620154,60.0,weighted_centroid,40,84
104.38753219751129,13.225727908203114,14.875236783989644,18.200000000000003,22.049999999999997,44.82005218498478,0.3473360655737705,61.0,min_sum,10280,84
18.50734528729148,10.752748104905677,11.129713956868471,16.1,18.099999999999994,48.77056689632482,0.2497560975609756,21.0,ours,5640,85
23.824087017417575,10.169435846533617,10.66437543157192,17.0,20.0,59.0589129807998,0.27171361502347424,25.0,ours_ede,5680,85
25.857649081607335,10.947638251185621,11.453007977254885,18.0,22.0,61.61793328888595,0.2770742358078604,26.0,coverage_max,12640,85
26.266256080631756,10.351788272401421,10.876200861293876,16.300000000000004,20.049999999999997,54.122858786559014,0.2943208430913349,25.0,weighted_centroid,40,85
20.888732093861297,10.771674565355486,11.183305138763808,17.0,17.19999999999999,38.713182067418295,0.28078817733990147,21.0,min_sum,12640,85
27.040483884089554,27.76990531251181,28.009002863939152,35.2,39.05,0.0,0.11972049689441011,42.0,ours,6280,86
81.2710364581835,21.880532455571867,22.704668446471103,38.2,42.14999999999999,6.028362581723089,0.22580563947633436,47.0,ours_ede,6560,86
283.38768319705457,21.9558654485555,24.069659284473154,50.2,54.14999999999999,42.55853130732893,0.3642511013215859,60.0,coverage_max,17480,86
102.22313167045623,26.036989330917002,26.875705114689612,38.1,44.19999999999999,11.777295619960212,0.1931222707423581,50.0,weighted_centroid,40,86
111.42038498688981,24.45817858922865,25.398741475573896,37.0,37.099999999999994,7.837641639724002,0.2932232346241459,41.0,min_sum,17480,86
35.779328994614005,15.48427560528448,15.976202944645046,22.0,24.099999999999994,18.754574372001322,0.23319536423841059,27.0,ours,5160,87
47.43285559447589,14.064027024714836,14.744075827535385,22.1,25.099999999999994,32.167578432935905,0.29560439560439566,28.0,ours_ede,5720,87
67.01741066377433,15.04359004354651,15.923991308034699,26.1,28.099999999999994,42.06561168016187,0.3170338983050849,33.0,coverage_max,11840,87
47.8160461268762,14.133227432401082,14.814422236255995,22.200000000000003,25.099999999999994,30.58589343887269,0.29512750455373404,27.0,weighted_centroid,40,87
47.43285559447589,14.064027024714836,14.744075827535385,22.1,25.099999999999994,32.167578432935905,0.29560439560439566,28.0,min_sum,11840,87
23.952048215420078,21.36996267681478,21.630141198576574,27.0,28.0,1.8810807121708826,0.12304597701149445,29.0,ours,5240,88
34.31262711069781,11.449010332239366,12.098861225872808,17.200000000000003,22.34999999999998,42.60421223352006,0.27016129032258074,30.0,ours_ede,5400,88
42.10427044596166,10.910659047648245,11.698454374528106,19.1,23.34999999999998,57.96397514792321,0.30945190156599556,31.0,coverage_max,10640,88
29.457716961123786,12.57880346722755,13.075542829865496,17.200000000000003,21.19999999999999,32.27418983742314,0.2475352112676057,26.0,weighted_centroid,40,88
42.10427044596166,10.910659047648245,11.698454374528106,19.1,23.34999999999998,57.96397514792321,0.30945190156599556,31.0,min_sum,10640,88
53.19122814572244,26.12575009670813,26.622841657127722,36.1,38.249999999999986,0.0,0.14261633428300113,51.0,ours,6760,89
99.00370025151544,19.281085336929376,20.376082957495317,34.2,37.14999999999999,20.931638932805658,0.27815315315315314,52.0,ours_ede,7280,89
211.48462949776172,21.093326826479338,22.87827091084639,43.2,45.14999999999999,36.75937777909745,0.387603062426384,61.0,coverage_max,21080,89
62.55686981738695,19.909968922476736,20.64160197405644,32.0,32.14999999999999,10.47377527443951,0.2092731829573935,48.0,weighted_centroid,40,89
128.56213603263555,19.231359876658605,20.555375924613724,36.2,39.14999999999999,25.891883203528366,0.32622739018087854,54.0,min_sum,21080,89
25.546447511896325,13.722744170453012,14.14041199854006,20.200000000000003,23.049999999999997,29.333041196109814,0.21735611510791375,27.0,ours,5440,90
31.38203916337083,12.406049149100872,12.947537816566923,22.0,23.049999999999997,35.35793791561228,0.25777886497064584,25.0,ours_ede,5600,90
61.87522174160442,11.734870928427194,12.688497997698452,25.1,26.099999999999994,57.05688598429819,0.3598927875243665,31.0,coverage_max,10840,90
56.47918701571892,13.052480880360518,13.888158963808715,23.200000000000003,27.049999999999997,44.15156092903765,0.31573741007194256,29.0,weighted_centroid,40,90
31.38203916337083,12.406049149100872,12.947537816566923,22.0,23.049999999999997,35.35793791561228,0.25777886497064584,25.0,min_sum,10840,90
21.344995904540013,17.024238295594355,17.31609357884417,24.0,24.0,10.537265194044444,0.14967343976777947,26.0,ours,5400,91
42.39776039473836,11.564210976327992,12.2832857389015,21.200000000000003,25.049999999999997,54.50561550128139,0.30666666666666687,28.0,ours_ede,5840,91
42.39776039473836,11.564210976327992,12.2832857389015,21.200000000000003,25.049999999999997,54.50561550128139,0.30666666666666687,28.0,coverage_max,13960,91
37.8971015402158,12.26626260621375,12.905153259757974,23.200000000000003,26.0,42.06093231872787,0.2824468085106384,27.0,weighted_centroid,40,91
42.39776039473836,11.564210976327992,12.2832857389015,21.200000000000003,25.049999999999997,54.50561550128139,0.30666666666666687,28.0,min_sum,13960,91
38.17471679919411,18.68568451301705,19.14872338115579,28.0,29.0,9.71322265254193,0.1863788487282465,30.0,ours,5187,92
55.03411296743724,13.84746194527281,14.632325029371135,24.0,25.14999999999999,45.57689511816492,0.3042418772563178,30.0,ours_ede,4953,92
125.22770190408114,15.990460123258414,17.409650829428664,35.1,39.19999999999999,49.17653709441141,0.38170826833073335,44.0,coverage_max,10491,92
67.17253592709734,12.88066905303623,13.864691138174727,25.0,28.19999999999999,46.51743161289076,0.35038759689922494,35.0,weighted_centroid,39,92
64.09563731002889,12.580132102836645,13.53547729427985,23.1,27.19999999999999,45.026129462578915,0.3536706349206351,34.0,min_sum,10491,92
15.982056124439461,12.992846583942203,13.275334706200734,17.1,18.19999999999999,28.452480707383458,0.17275280898876422,23.0,ours,5160,93
38.20329463015698,11.669430677209009,12.31800767226236,20.0,21.049999999999997,42.056508906265314,0.28583690987124477,26.0,ours_ede,5240,93
78.19792262896937,13.492930969653628,14.519101439276858,26.1,27.0,48.45536702966837,0.3776213592233011,30.0,coverage_max,9640,93
35.07441536809003,11.858787106675667,12.463736803487732,19.0,22.0,41.11342619982462,0.2697368421052633,27.0,weighted_centroid,40,93
58.07877820550445,11.92300462268128,12.795093802492874,22.0,23.0,47.2299028869511,0.3562500000000002,26.0,min_sum,9640,93
27.71144099895761,17.340096499748743,17.703100498998282,23.1,24.049999999999997,11.865823780826451,0.1788405797101451,30.0,ours,5680,94
33.632262167456226,16.02940595247264,16.493924334049552,23.0,25.049999999999997,18.700991820035572,0.20950704225352124,30.0,ours_ede,5840,94
103.39722605393492,16.986351406117972,18.17103141678879,35.0,36.099999999999994,41.72866584298635,0.30725404732254047,43.0,coverage_max,13640,94
36.186581005102056,15.76511676171563,16.27908212610453,25.1,26.0,15.673544761386099,0.21151266766020882,33.0,weighted_centroid,40,94
34.10623421667119,17.08100081435055,17.50875511098602,23.0,24.049999999999997,16.257748283208976,0.2402317880794702,25.0,min_sum,13640,94
20.943635043306298,30.98836969785137,31.15299320385335,38.0,38.05,0.0,0.09556910569105703,42.0,ours,6280,95
132.12593316739208,16.835701032764423,18.255881201057043,39.2,42.05,41.72311301674217,0.3098401323043001,45.0,ours_ede,6560,95
249.92488465135884,18.354620016705567,20.451799406293706,49.2,52.0,50.705165319639,0.36928303655107797,55.0,coverage_max,17600,95
107.68338796146307,17.989615586075324,19.179530653429822,39.1,41.05,26.843991571688246,0.2738599348534203,45.0,weighted_centroid,40,95
57.37178159279092,18.983914578048804,19.661089998322527,34.1,36.05,5.4593424373117525,0.20390535917901942,39.0,min_sum,17600,95
27.679556841947722,31.046148101854122,31.256282828858886,37.1,39.05,0.0,0.08799765807962534,44.0,ours,6440,96
168.24664175968374,20.76091871596442,22.401470008168058,54.300000000000004,58.05,13.661791781075877,0.33406998158379375,79.0,ours_ede,6040,96
547.0183901840445,25.27885274904096,28.31762830970915,60.0,62.05,52.51406318352308,0.37763157894736854,70.0,coverage_max,16200,96
503.58931192818085,25.807155312427394,28.691579254037674,61.300000000000004,64.05,39.495538646224446,0.3679775280898878,74.0,weighted_centroid,40,96
168.24664175968374,20.76091871596442,22.401470008168058,54.300000000000004,58.05,13.661791781075877,0.33406998158379375,79.0,min_sum,16200,96
19.139211943354507,20.69592432477109,20.916213786603812,26.1,28.049999999999997,0.0,0.13663366336633676,29.0,ours,5040,97
27.623158352649067,8.38854097758518,9.025088514710236,15.300000000000004,20.249999999999986,71.96030818090456,0.3459366391184573,26.0,ours_ede,5560,97
23.75375472633532,8.589801333412545,9.162120932302154,16.1,21.14999999999999,72.92981026243088,0.2964854111405837,24.0,coverage_max,10520,97
24.985166242774167,8.777313820998343,9.365594705744277,16.200000000000003,20.299999999999983,71.77703256106882,0.3116754617414248,26.0,weighted_centroid,40,97
27.623158352649067,8.38854097758518,9.025088514710236,15.300000000000004,20.249999999999986,71.96030818090456,0.3459366391184573,26.0,min_sum,10520,97
55.45323298331978,23.46950342372313,23.99513708244365,33.0,34.0,4.76381556028577,0.18502098635886677,35.0,ours,6880,98
216.42774904959157,18.1784715773913,20.101230353484596,45.1,48.05,41.76376131547725,0.3896412037037038,51.0,ours_ede,6440,98
245.3859116011937,20.358122447506332,22.379598370733774,49.1,52.05,44.18826272606409,0.37066563467492264,55.0,coverage_max,17800,98
74.52485308023213,23.360535859865333,24.03393053790892,34.0,34.05,13.140052141970287,0.19659209157128,36.0,weighted_centroid,40,98
132.6093203097629,19.260626672854634,20.633348286184074,42.0,45.0,21.481860115100364,0.31853293413173667,48.0,min_sum,17800,98
26.144333748822845,15.653431818956657,16.03472876974425,22.0,25.049999999999997,18.745543110679254,0.18912520064205474,29.0,ours,4840,99
38.28960849967081,10.08370061538594,10.801959567926689,18.200000000000003,22.099999999999994,54.546190561437136,0.3423316708229427,25.0,ours_ede,5040,99
38.28960849967081,10.08370061538594,10.801959567926689,18.200000000000003,22.099999999999994,54.546190561437136,0.3423316708229427,25.0,coverage_max,9080,99
31.846766838832774,10.187672997623059,10.811443424052333,17.1,21.049999999999997,56.80415135215674,0.3109950859950861,26.0,weighted_centroid,40,99
38.28960849967081,10.08370061538594,10.801959567926689,18.200000000000003,22.099999999999994,54.546190561437136,0.3423316708229427,25.0,min_sum,9080,99
