variance,mean,max,total,spread,jain,gini,maxmin,feasible,objective,method,runtime_s,routing_calls,evaluated,opt_gap,city,n,mix,seed
1.401340084162814,22.53362326091283,23.49965267827298,67.60086978273849,2.633147373160309,0.9972477710363039,0.025967588697432653,1.1261901470638278,True,1.401340084162814,ours,0.011444300005678087,225,184.0,0.0,london,3,mixed,0
53.20055743561338,19.16459747543161,29.170748820868155,57.49379242629483,17.179143512535163,0.8734773125413864,0.19919998070004108,2.4325974772199466,True,53.20055743561338,centroid,1.0700023267418146e-05,3,,36.96405885827234,london,3,mixed,0
43.71223854822219,19.363129893243904,28.374271875170972,58.08938967973171,15.677233270989397,0.8955858939472646,0.17992078940662304,2.234715728581493,True,43.71223854822219,weighted_centroid,2.180004958063364e-05,3,,30.193169340001198,london,3,mixed,0
252.07666574649883,17.153678529733693,39.578382219999106,51.461035589201074,34.61914357757951,0.5385960683822459,0.4484835718417375,7.980737583680576,True,252.07666574649883,geometric_median,0.00011309998808428645,3,,178.88257710981983,london,3,mixed,0
249.6533985653016,17.15905292977009,39.468555125002105,51.47715878931027,34.5572682509597,0.5411512684192461,0.4475417714537355,8.036296013088755,True,249.6533985653016,min_sum,0.012987199996132404,231,,177.15332722352622,london,3,mixed,0
7.7414332580776914,20.857943194515993,22.88327959225708,62.573829583547976,5.959589653409637,0.982516899965993,0.06349395258979573,1.352144814455015,True,7.7414332580776914,min_max,0.012119999970309436,231,,4.524307300966535,london,3,mixed,0
3.2496510761653234,21.76172810036934,24.249450144350803,65.28518430110802,4.214186306910868,0.9931847776855676,0.043033615789193735,1.210338448303127,True,3.2496510761653234,random,0.007052799977827817,174,,1.3189596250696873,london,3,mixed,0
1.401340084162814,22.53362326091283,23.49965267827298,67.60086978273849,2.633147373160309,0.9972477710363039,0.025967588697432653,1.1261901470638278,True,1.401340084162814,exhaustive,0.014200899982824922,231,,0.0,london,3,mixed,0
7.225814008517762,12.641272611508306,14.630965959661905,37.92381783452492,5.7898138587767765,0.9567387990953088,0.10177972910568234,1.654870970741147,True,7.225814008517762,ours,0.006945599976461381,105,135.0,-0.020042707468504076,london,3,mixed,1
96.22591086096219,14.491417396143687,28.001964347922087,43.47425218843106,22.993036423749835,0.6857694361005686,0.3525924007324428,5.590410716989814,True,96.22591086096219,centroid,1.1499971151351929e-05,3,,12.05005677803612,london,3,mixed,1
13.9190569397319,11.052197623232482,14.055917792752222,33.15659286969745,8.262152397472533,0.8977067412429403,0.1661238722555538,2.426041931936681,True,13.9190569397319,weighted_centroid,2.6099965907633305e-05,3,,0.887687855952634,london,3,mixed,1
54.12708992276117,13.1066706045571,22.731147108772344,39.3200118136713,17.859830865805318,0.760406207453871,0.30281155476146226,4.666325480631747,True,54.12708992276117,geometric_median,5.740002961829305e-05,3,,6.340658980537261,london,3,mixed,1
30.82294733761886,10.539952717369774,18.311487542325445,31.619858152109323,12.625215381679533,0.782804762459107,0.2661874766788461,3.220297415423995,True,30.82294733761886,min_sum,0.006143700040411204,123,,3.180175684733667,london,3,mixed,1
8.986120792760449,11.409185834584802,13.849338380932968,34.227557503754404,6.6624651280185665,0.9354239565810037,0.12976805073490416,1.9270325068438936,True,8.986120792760449,min_max,0.0061707000131718814,123,,0.21868824634207476,london,3,mixed,1
7.373600935048426,11.029329744303412,14.487709289784249,33.08798923291024,6.633290450432603,0.9428490374205234,0.1336495125918169,1.844529759120938,True,7.373600935048426,random,0.004675499978475273,105,,0.0,london,3,mixed,1
7.373600935048426,11.029329744303412,14.487709289784249,33.08798923291024,6.633290450432603,0.9428490374205234,0.1336495125918169,1.844529759120938,True,7.373600935048426,exhaustive,0.005895600013900548,123,,0.0,london,3,mixed,1
0.20221990994908823,9.857891449335675,10.37943349885771,29.573674348007025,1.0974722132254264,0.9979233990161743,0.024739845767578483,1.118237103070471,True,0.20221990994908823,ours,0.008472399960737675,117,142.0,1.3311894031337311e-11,london,3,mixed,2
7.837153464190095,8.838580632547385,12.78841506989908,26.515741897642158,6.158922820815416,0.9088254221050044,0.15484946878199146,1.9290187829492838,True,7.837153464190095,centroid,8.999952115118504e-06,3,,37.7555976375795,london,3,mixed,2
7.837153464185795,8.83858063254763,12.788415069898331,26.51574189764289,6.158922820812714,0.9088254221050542,0.15484946878191908,1.9290187829486025,True,7.837153464185795,weighted_centroid,2.3099943064153194e-05,3,,37.75559763755824,london,3,mixed,2
56.67969568279229,7.893970785180609,18.430030385061357,23.681912355541826,17.131918306348247,0.5236779030725226,0.48227857190874723,14.19756482300976,True,56.67969568279229,geometric_median,0.00011350004933774471,3,,279.28741431947395,london,3,mixed,2
56.92219345495786,7.932391801786597,18.57047723071495,23.79717540535979,16.668917429314636,0.5250350226633181,0.46697187503354765,9.765918072647299,True,56.92219345495786,min_sum,0.006803099997341633,129,,280.4865928386903,london,3,mixed,2
0.2022199099463963,9.857891449334033,10.379433498853256,29.5736743480021,1.0974722132182926,0.9979233990162014,0.024739845767421942,1.1182371030696683,True,0.2022199099463963,min_max,0.008642999979201704,129,,0.0,london,3,mixed,2
0.29538809764332574,10.396260032869558,11.161232715069563,31.18878009860867,1.2122258595727953,0.9972744546078451,0.025911580077625063,1.121843906349612,True,0.29538809764332574,random,0.004974999988917261,114,,0.46072707539839236,london,3,mixed,2
0.2022199099463963,9.857891449334033,10.379433498853256,29.5736743480021,1.0974722132182926,0.9979233990162014,0.024739845767421942,1.1182371030696683,True,0.2022199099463963,exhaustive,0.008206799975596368,129,,0.0,london,3,mixed,2
2.9797012959138347,19.139929943961036,21.262379008020073,57.41978983188311,4.228163625589527,0.9919318515925472,0.04909066645221083,1.2482159307408163,True,2.9797012959138347,ours,0.009278300043661147,273,201.0,-0.48500345979724474,london,3,mixed,3
142.7323194243572,23.084918112831378,39.863292509363575,69.25475433849414,26.888925470880398,0.7887468151319156,0.2588407176538985,3.072465299549901,True,142.7323194243572,centroid,7.700000423938036e-06,3,,23.669134043556863,london,3,mixed,3
7.702970867835468,16.313085392149812,19.565417474710905,48.93925617644943,6.781445395920157,0.9718684589172809,0.0923790827751827,1.5304646595067988,True,7.702970867835468,weighted_centroid,1.9600032828748226e-05,3,,0.3313426254027433,london,3,mixed,3
59.343248262785245,19.786718398342085,29.16206759126575,59.36015519502625,18.86843667770603,0.8683769222309217,0.2119091121613399,2.833020518819145,True,59.343248262785245,geometric_median,5.959998816251755e-05,3,,9.25658765918506,london,3,mixed,3
42.36775895733554,13.449131936797437,21.813905785858346,40.347395810392314,15.875006514690757,0.8102201764717066,0.2623053474428836,3.673055357540982,True,42.36775895733554,min_sum,0.01725779997650534,279,,6.322629724359811,london,3,mixed,3
6.67845900633768,15.986592208132867,19.555183262479964,47.9597766243986,6.035936304917064,0.9745339582009873,0.08390275809925862,1.4464698606264055,True,6.67845900633768,min_max,0.0146441999822855,279,,0.15427116364528845,london,3,mixed,3
3.2175837285591684,16.707124372046255,18.882417898077797,50.12137311613876,4.393183249451269,0.9886040942041239,0.0584339304947028,1.3032032647678675,True,3.2175837285591684,random,0.00752210000064224,198,,-0.4438890601910285,london,3,mixed,3
5.785866628814088,21.367979461931082,23.674696231596293,64.10393838579324,5.625275665219654,0.9874866743475379,0.05850161271283483,1.3116596261100313,True,5.785866628814088,exhaustive,0.016166199988219887,279,,0.0,london,3,mixed,3
15.081923398641365,19.808067828777126,24.433135668601974,59.42420348633138,9.502644781935045,0.9629838287404334,0.10660801743429693,1.6364589653526393,True,15.081923398641365,ours,0.008377999998629093,180,172.0,-0.17111024106294162,london,3,mixed,4
592.347867836297,26.381656259563176,60.54439156950411,79.14496877868953,54.87761901161217,0.5402238333550334,0.46225401191800874,10.684104744099152,True,592.347867836297,centroid,9.000010322779417e-06,3,,31.55493801420176,london,3,mixed,4
57.84996702498966,20.121784616536434,29.20734104256423,60.365353849609306,18.614761100906268,0.874982832274913,0.20557886175660722,2.757339685273375,True,57.84996702498966,weighted_centroid,1.999997766688466e-05,3,,2.179385278284869,london,3,mixed,4
867.670376992321,28.50585367471062,69.97641637491691,85.51756102413187,65.61903720111057,0.48360763284899433,0.5115443457092499,16.05929013375024,True,867.670376992321,geometric_median,5.690002581104636e-05,3,,46.686430345268825,london,3,mixed,4
81.82366237991654,15.530650431350539,26.92943470026922,46.59195129405162,22.126723058512464,0.7466953893486405,0.3166029388333058,5.607131285195975,True,81.82366237991654,min_sum,0.010961199994198978,186,,3.496959306367118,london,3,mixed,4
26.536308512867503,18.8222367963719,23.407301610053526,56.466710389115704,11.780387065096164,0.930316677671039,0.139083564858147,2.013199763320301,True,26.536308512867503,min_max,0.00952799996593967,186,,0.4584130806745515,london,3,mixed,4
21.163182776663643,20.955043814668745,25.09605063904663,62.86513144400624,10.557062103169882,0.9540207728145949,0.11195461204725232,1.7261208079997468,True,21.163182776663643,random,0.007943600008729845,147,,0.1631106329362391,london,3,mixed,4
18.19533084590397,18.487816586793333,24.342486091045824,55.463449760379994,10.041023722406909,0.94945666922299,0.12069238108805447,1.7020976920811577,True,18.19533084590397,exhaustive,0.011245700006838888,186,,0.0,london,3,mixed,4
39.72896480435891,21.68648164279663,29.85140938540516,108.43240821398314,17.478307667420317,0.9221050253992147,0.16301609104513615,2.412605187106386,True,39.72896480435891,ours,0.01172390003921464,395,188.0,0.011530611979213935,london,5,mixed,0
78.27575114089169,21.961740926433425,36.55686920791102,109.80870463216712,26.24533152719398,0.8603699346047157,0.22113010698172997,3.5452393561315034,True,78.27575114089169,centroid,9.300012607127428e-06,5,,0.9929620327281138,london,5,mixed,0
44.01943941752738,19.675083906149187,26.96725909880345,98.37541953074593,19.374435028114284,0.8978971395166863,0.17812922422831678,3.5516770634665527,True,44.01943941752738,weighted_centroid,2.500001573935151e-05,5,,0.12076946158204632,london,5,mixed,0
54.82107752336414,18.811239352615726,28.587985147186554,94.05619676307863,22.97751439580361,0.8658594320273199,0.19900423525724475,5.095469955019334,True,54.82107752336414,geometric_median,9.950000094249845e-05,5,,0.39578764182862236,london,5,mixed,0
114.9868077316166,16.892307634061996,33.149845257630574,84.46153817030998,28.337412318816853,0.712774870857397,0.3524178845176329,6.888375522132908,True,114.9868077316166,min_sum,0.022074000036809593,455,,1.9276543339869998,london,5,mixed,0
47.74996754307814,19.638626129303553,26.968537630029115,98.19313064651777,20.002006706537056,0.8898312256461599,0.1851743194537787,3.8711573846730025,True,47.74996754307814,min_max,0.02090970001881942,455,,0.21575163432242472,london,5,mixed,0
41.66053256955298,20.043729170880226,26.503637606097953,100.21864585440113,17.991667522643578,0.9060454632322689,0.1707368321678966,3.113690173514108,True,41.66053256955298,random,0.008073600009083748,340,,0.06070984262938456,london,5,mixed,0
39.27608747957032,19.781915909204486,29.099250298021275,98.90957954602243,19.167506113286954,0.9087875951510402,0.17348068285966156,2.9299234612535177,True,39.27608747957032,exhaustive,0.02285960002336651,455,,0.0,london,5,mixed,0
8.643851396421443,11.655334101008304,14.26000201527052,58.27667050504152,8.070176838665528,0.9401770942630601,0.12813389412149023,2.303781061405013,True,8.643851396421443,ours,0.010064400034025311,240,151.0,-0.31115179066674903,london,5,mixed,1
98.49862858821807,13.777977656444895,33.40660023189206,68.88988828222448,26.482508067658294,0.6583838464615448,0.32693022002509986,4.824690290006981,True,98.49862858821807,centroid,1.4499993994832039e-05,5,,6.849580101858895,london,5,mixed,1
25.569708551747453,12.331790285569564,21.74296243114866,61.65895142784782,15.048956088543152,0.8560610715398623,0.2104413283197657,3.2481239661756356,True,25.569708551747453,weighted_centroid,2.4100008886307478e-05,5,,1.037708324825714,london,5,mixed,1
163.29980260395592,14.729196032303136,39.96022967638187,73.64598016151568,33.578209055524994,0.5705451040809632,0.39102103294992796,6.261375832254307,True,163.29980260395592,geometric_median,9.389995830133557e-05,5,,12.013733282686786,london,5,mixed,1
33.059786225115474,11.703552228449649,17.92897708147113,58.51776114224825,14.536727151941896,0.8055683215180295,0.2700566607002477,5.28527598317594,True,33.059786225115474,min_sum,0.01284839998697862,265,,1.6346096777576453,london,5,mixed,1
12.548267207935385,12.088077212525203,15.14197382055756,60.44038606262602,9.948586448181405,0.9209158828776888,0.14077261280167486,2.915625724570124,True,12.548267207935385,min_max,0.014886699966154993,265,,0.0,london,5,mixed,1
12.0872809952729,11.520537926657672,15.384778739701495,57.602689633288364,9.491715558057193,0.9165301103138854,0.16694414692910287,2.610659052090594,True,12.0872809952729,random,0.007149500015657395,210,,-0.03673704145947438,london,5,mixed,1
12.548267207935385,12.088077212525203,15.14197382055756,60.44038606262602,9.948586448181405,0.9209158828776888,0.14077261280167486,2.915625724570124,True,12.548267207935385,exhaustive,0.01234340004157275,265,,0.0,london,5,mixed,1
2.5637967371312196,10.571106466231438,12.188484852179842,52.855532331157185,4.229201802538999,0.9775719543992226,0.08220914985755545,1.5313546177667143,True,2.5637967371312196,ours,0.01124979997985065,295,164.0,-0.07601017207828188,london,5,mixed,2
0.6439827834877885,11.186752564549007,12.1049826717561,55.93376282274504,1.9885156216881708,0.9948803878370382,0.03938646436494975,1.1965622595167567,True,0.6439827834877885,centroid,1.0200019460171461e-05,5,,-0.7679092368433044,london,5,mixed,2
0.9898492670322272,10.694769244675168,12.18144884446663,53.473846223375844,3.041930194264536,0.9914200662661392,0.050750843716889094,1.3328326480516863,True,0.9898492670322272,weighted_centroid,2.6200024876743555e-05,5,,-0.6432592956113373,london,5,mixed,2
23.86628850912831,9.477717489269304,14.033415686223787,47.38858744634652,13.941724111755475,0.7900820551211597,0.25441665466363506,153.0502204548103,True,23.86628850912831,geometric_median,0.000582000007852912,5,,7.601386956032652,london,5,mixed,2
2.774702339416261,11.294701079222772,13.489087055090906,56.47350539611386,5.1183011824008044,0.9787126251434343,0.07815359589430648,1.611448107769593,True,2.774702339416261,min_sum,0.015909800014924258,340,,0.0,london,5,mixed,2
2.774702339416261,11.294701079222772,13.489087055090906,56.47350539611386,5.1183011824008044,0.9787126251434343,0.07815359589430648,1.611448107769593,True,2.774702339416261,min_max,0.01579679996939376,340,,0.0,london,5,mixed,2
1.1005266411444734,11.28636660888095,12.45678434039359,56.431833044404755,2.7529615220899135,0.9914344303479322,0.05044933100250493,1.2836986591405177,True,1.1005266411444734,random,0.007053099980112165,280,,-0.6033712786013649,london,5,mixed,2
2.774702339416261,11.294701079222772,13.489087055090906,56.47350539611386,5.1183011824008044,0.9787126251434343,0.07815359589430648,1.611448107769593,True,2.774702339416261,exhaustive,0.01599100005114451,340,,0.0,london,5,mixed,2
10.863408795962567,19.177989421716138,23.305473541143293,95.88994710858069,9.797395929629282,0.9713108158684005,0.09295037335054857,1.7252990552318253,True,10.863408795962567,ours,0.0126412000390701,445,190.0,-0.3357542709864117,london,5,mixed,3
203.14034700692417,17.735283244892976,44.49151666002927,88.67641622446489,42.86456440935764,0.6075952244758895,0.3967099417709625,27.346541142595054,True,203.14034700692417,centroid,9.000010322779417e-06,5,,11.42106510249682,london,5,mixed,3
53.256222931656495,15.88219669478722,27.5198234391985,79.4109834739361,22.912735812442726,0.8256754366246033,0.24446890974338498,5.97336661872382,True,53.256222931656495,weighted_centroid,2.2799998987466097e-05,5,,2.256364488363514,london,5,mixed,3
197.85525993687025,17.480885677168093,43.17813106567341,87.40442838584046,43.178129983698405,0.6069907302993522,0.40104824033274755,39906772.924466774,True,197.85525993687025,geometric_median,0.00011339999036863446,5,,11.097907189572382,london,5,mixed,3
20.044809039631495,14.79867258125368,19.874530740844936,73.9933629062684,11.392163297233022,0.9161464765951449,0.16581270894984934,2.343040533549685,True,20.044809039631495,min_sum,0.021125400031451136,480,,0.2256446428138326,london,5,mixed,3
20.044809039631495,14.79867258125368,19.874530740844936,73.9933629062684,11.392163297233022,0.9161464765951449,0.16581270894984934,2.343040533549685,True,20.044809039631495,min_max,0.021988200023770332,480,,0.2256446428138326,london,5,mixed,3
9.011853954607478,17.750136854579864,20.805706516991798,88.75068427289932,8.199255252280409,0.9721924344040879,0.09085204431483729,1.6504015349055587,True,9.011853954607478,random,0.008273700019344687,325,,-0.4489680345945384,london,5,mixed,3
16.354503042262447,16.40005713455098,21.118086339413253,82.0002856727549,9.29074705359533,0.9426794100960705,0.1332785255371749,1.7855314563213553,True,16.354503042262447,exhaustive,0.023251899983733892,480,,0.0,london,5,mixed,3
93.03468514646563,26.472430235200285,37.61709212083285,132.36215117600142,27.065999301056497,0.8828019106048334,0.2014142097108369,3.56523184502041,True,93.03468514646563,ours,0.016172199975699186,605,230.0,-9.989714018067223e-14,london,5,mixed,4
842.5564224538728,28.4882356619286,84.58779380247873,142.441178309643,79.94254851536103,0.49063654637694426,0.4951276214021949,18.209543000250072,True,842.5564224538728,centroid,9.100011084228754e-06,5,,8.056368827683372,london,5,mixed,4
306.13237394713786,26.630254657489804,57.08450035984239,133.15127328744902,50.86118947041158,0.6984817112984555,0.3569056567826556,9.17268980676995,True,306.13237394713786,weighted_centroid,2.3500004317611456e-05,5,,2.2905187292799387,london,5,mixed,4
927.2581259815286,28.812669099375768,87.85448258461282,144.06334549687884,81.9059539437453,0.47237775206686755,0.5083091406919724,14.769111470866239,True,927.2581259815286,geometric_median,0.00020480004604905844,5,,8.966800280149734,london,5,mixed,4
164.88895163627112,26.09688338727775,43.01704842877729,130.48441693638875,32.7715154397765,0.8050811193798942,0.2743031133750238,4.198614993964565,True,164.88895163627112,min_sum,0.030864300031680614,645,,0.7723384711483461,london,5,mixed,4
110.59367761015642,26.428296509780132,36.04784440199228,132.14148254890065,27.191912372877834,0.8633040257043995,0.2104769187426354,4.070474376212767,True,110.59367761015642,min_max,0.02909259998705238,645,,0.1887359798771437,london,5,mixed,4
97.15017097863394,27.4570544581013,43.02508243953644,137.2852722905065,29.541919402820067,0.8858453541775702,0.2004061342543979,3.1910229315164145,True,97.15017097863394,random,0.010594600054901093,365,,0.044236037620587844,london,5,mixed,4
93.03468514647493,26.47243023519933,37.61709212084703,132.36215117599664,27.065999301062057,0.8828019106048154,0.20141420971087376,3.5652318450188414,True,93.03468514647493,exhaustive,0.03270919999340549,645,,0.0,london,5,mixed,4
213.54537313401852,26.617087484803868,52.512834012812206,266.1708748480387,41.37095786813543,0.7683926637371309,0.296547975437055,4.713105165677246,True,213.54537313401852,ours,0.02168490004260093,900,207.0,0.020164310763492115,london,10,mixed,0
266.59744813260716,25.53903463123501,65.21121868080851,255.3903463123501,52.90948613155425,0.7098542465035673,0.31231309305755195,5.300978412570159,True,266.59744813260716,centroid,1.1200027074664831e-05,9,,0.27360849796928116,london,10,mixed,0
253.51655399090276,24.83074724235092,65.97190229933149,248.3074724235092,54.224551310227795,0.708629313025133,0.30517874000587497,5.615896073976508,True,253.51655399090276,weighted_centroid,3.070000093430281e-05,9,,0.21111750993992634,london,10,mixed,0
295.91430371697027,24.498659228487643,71.43512687230576,244.98659228487642,59.85489995081899,0.669774842667137,0.31673587600707553,6.168715635421617,True,295.91430371697027,geometric_median,0.00016230001347139478,9,,0.4136630883921077,london,10,mixed,0
543.0398965681811,23.532633963023677,90.5272860310593,235.3263396302368,85.62994394076752,0.5048982139548753,0.41495666748120286,18.484983152497232,True,543.0398965681811,min_sum,0.04445250000571832,1008,,1.5942492392559549,london,10,mixed,0
224.56272530035622,28.825546110246243,54.18195688156386,288.25546110246245,42.37192122819805,0.7872400950761491,0.28705664169684164,4.587789442119271,True,224.56272530035622,min_max,0.04436190001433715,1008,,0.07279719769641005,london,10,mixed,0
209.32448908568554,26.187494162759993,57.003790157003024,261.8749416275999,45.427428158331544,0.7661464585132982,0.29066578582061764,4.9241540791092095,True,209.32448908568554,random,0.011818600003607571,621,,0.0,london,10,mixed,0
209.32448908568554,26.187494162759993,57.003790157003024,261.8749416275999,45.427428158331544,0.7661464585132982,0.29066578582061764,4.9241540791092095,True,209.32448908568554,exhaustive,0.04566880001220852,1008,,0.0,london,10,mixed,0
22.27863094745218,13.471686831542991,20.538051823793737,134.7168683154299,16.35952012522422,0.8906650628990729,0.19486570610502763,4.915136058636279,True,22.27863094745218,ours,0.025973199983127415,1180,227.0,-0.03573618155848322,london,10,mixed,1
22.775800909769725,12.44970824951545,19.73691024139149,124.4970824951545,15.841105904823413,0.871881261593593,0.21441224308036433,5.066196486340553,True,22.775800909769725,centroid,1.4299992471933365e-05,10,,-0.01421766871047685,london,10,mixed,1
23.211069330177075,12.360498046916254,20.0085682878002,123.60498046916254,16.391747896874662,0.8681136647666918,0.21860833893790632,5.532087890789638,True,23.211069330177075,weighted_centroid,3.160000778734684e-05,10,,0.004621621284449805,london,10,mixed,1
30.799671773055046,11.919136005364328,21.265154213037682,119.19136005364328,19.45619291295317,0.8218286688356234,0.26338340850790276,11.755450054152186,True,30.799671773055046,geometric_median,0.0003105999785475433,10,,0.3330715509710388,london,10,mixed,1
28.894751633533968,12.283472460530595,22.428642795477483,122.83472460530595,19.134057626732194,0.8392757749111215,0.24450230254337346,6.807728939063735,True,28.894751633533968,min_sum,0.055056999961379915,1390,,0.25062278776412344,london,10,mixed,1
23.1042900515129,12.5185850633633,19.70559249697224,125.185850633633,15.44260422381804,0.8715138201025933,0.21321682762487915,4.622483392944454,True,23.1042900515129,min_max,0.05400429997825995,1390,,0.0,london,10,mixed,1
24.23166089515945,14.138986231065138,21.282894799727185,141.38986231065138,15.503126324982013,0.8918917613076364,0.19582018176044502,3.682309229638396,True,24.23166089515945,random,0.014359399967361242,790,,0.04879487061203715,london,10,mixed,1
23.1042900515129,12.5185850633633,19.70559249697224,125.185850633633,15.44260422381804,0.8715138201025933,0.21321682762487915,4.622483392944454,True,23.1042900515129,exhaustive,0.05756510002538562,1390,,0.0,london,10,mixed,1
154.6784517530537,17.700595153387574,41.001163342835504,177.00595153387573,36.61254490440179,0.6694830867676136,0.36800675350991296,9.342612924323557,True,154.6784517530537,ours,0.021286000031977892,960,202.0,0.019253881312597573,london,10,mixed,2
237.63165255624693,15.979139638875697,56.52034047853129,159.79139638875697,55.2436263893468,0.517953878044001,0.47572168685136207,44.27016272267666,True,237.63165255624693,centroid,1.0400020983070135e-05,10,,0.5658741178594685,london,10,mixed,2
194.09445860536727,16.280956032767897,50.13847530516808,162.80956032767895,47.77339338002388,0.5772872792714054,0.437689853764303,21.199466611335744,True,194.09445860536727,weighted_centroid,3.1400006264448166e-05,10,,0.27898571541580125,london,10,mixed,2
266.4713654958061,16.453693388829095,61.93495755916885,164.53693388829095,61.82460242038044,0.5039582065520827,0.45400125855608553,561.2331083006138,True,266.4713654958061,geometric_median,0.0008147999760694802,10,,0.7559134479435083,london,10,mixed,2
222.08568449170312,16.22979555737282,53.29125460532006,162.29795557372822,51.084476676984195,0.5425553703670123,0.46341026106987604,24.14889777582059,True,222.08568449170312,min_sum,0.043766000017058104,1150,,0.46343393883669687,london,10,mixed,2
151.75654916698323,18.175179494206823,41.512713606937005,181.75179494206822,37.05616884845111,0.6852135808029854,0.3660276647402856,9.314999816369152,True,151.75654916698323,min_max,0.04471200000261888,1150,,0.0,london,10,mixed,2
150.94693372054104,18.23272311275828,42.208876452818146,182.3272311275828,37.3286086624198,0.6877255850420222,0.3638723490184035,8.648885320568223,True,150.94693372054104,random,0.013709399965591729,670,,-0.005334962154096856,london,10,mixed,2
151.75654916698323,18.175179494206823,41.512713606937005,181.75179494206822,37.05616884845111,0.6852135808029854,0.3660276647402856,9.314999816369152,True,151.75654916698323,exhaustive,0.04716699995333329,1150,,0.0,london,10,mixed,2
19.77809171353,15.030493788197393,20.74003078705712,150.30493788197393,12.456334745775754,0.9195010664595252,0.16687194803349947,2.5037170224136984,True,19.77809171353,ours,0.023134899965953082,1220,224.0,0.17940347586739,london,10,mixed,3
145.03139259835046,16.548068658198886,45.10596620601122,165.48068658198886,44.58157076460458,0.6537555724653888,0.37387765763789105,86.01517603779847,True,145.03139259835046,centroid,2.2400054149329662e-05,10,,7.648484950819022,london,10,mixed,3
50.87022724342343,14.314814289682946,29.709381397698127,143.14814289682946,26.818304248934627,0.8011204754135544,0.2566654902892511,10.276232652734528,True,50.87022724342343,weighted_centroid,3.23000131174922e-05,10,,2.03348390219136,london,10,mixed,3
114.91729498702693,15.7443734835789,41.000862714432365,157.443734835789,40.33392699552491,0.683251173728607,0.3528621639794325,61.476483493188965,True,114.91729498702693,geometric_median,0.0003836000105366111,10,,5.852726699222472,london,10,mixed,3
28.321348685636575,13.633199406022683,20.801890165095347,136.33199406022683,16.61484647642842,0.8677718518431918,0.22080078821078186,4.968156941232742,True,28.321348685636575,min_sum,0.05095409997738898,1350,,0.688853382060208,london,10,mixed,3
16.769572176293817,14.612009818128783,19.696427715531954,146.12009818128783,12.019427668185685,0.9271775976138505,0.15644827102992687,2.5656412132419453,True,16.769572176293817,min_max,0.05319409997900948,1350,,0.0,london,10,mixed,3
14.86158226989509,16.51618981958632,21.968183141281457,165.1618981958632,12.134904411964316,0.948333796861735,0.13075494566470147,2.234064928494812,True,14.86158226989509,random,0.014352599973790348,720,,-0.11377689820232524,london,10,mixed,3
16.769572176293817,14.612009818128783,19.696427715531954,146.12009818128783,12.019427668185685,0.9271775976138505,0.15644827102992687,2.5656412132419453,True,16.769572176293817,exhaustive,0.05515020003076643,1350,,0.0,london,10,mixed,3
87.17975918008,23.671041609053532,37.61709212083285,236.71041609053532,27.065999301056497,0.8653590231718962,0.22346785655890833,3.56523184502041,True,87.17975918008,ours,0.027398500009439886,1440,254.0,-0.015935302734865365,london,10,mixed,4
537.5825993119867,21.30068957713216,88.58519036104617,213.0068957713216,82.93983094631508,0.457700466204954,0.4478692065696781,15.691683000712178,True,537.5825993119867,centroid,1.0500021744519472e-05,10,,5.068106436887601,london,10,mixed,4
319.0334267933192,20.565966327200705,69.79137601876596,205.65966327200704,63.98129460075055,0.5700314076608415,0.4012762860209824,12.012116698117657,True,319.0334267933192,weighted_centroid,2.9499991796910763e-05,10,,2.6011745789103027,london,10,mixed,4
555.0996835166396,21.34757967121537,89.84960698877163,213.4757967121537,84.21917726789275,0.45084157435844435,0.44993238671226576,15.9578596027208,True,555.0996835166396,geometric_median,0.00019160000374540687,10,,5.265835179510217,london,10,mixed,4
294.98193007195516,20.583826895165977,66.93077747516624,205.83826895165978,60.2692478231372,0.5895480193448904,0.3940799664202421,10.047358635531973,True,294.98193007195516,min_sum,0.06132640002761036,1570,,2.3296869186726434,london,10,mixed,4
90.57069749889476,24.061198584409404,36.66759223057769,240.61198584409402,26.506796397940086,0.8647213180561663,0.22401450420961733,3.608732311380307,True,90.57069749889476,min_max,0.06116970005678013,1570,,0.02234081458333495,london,10,mixed,4
88.8765392909399,24.406186917149505,38.4703434252095,244.06186917149506,27.247346234653193,0.8701657548780037,0.2153671829175925,3.427813691121719,True,88.8765392909399,random,0.014840800024103373,780,,0.0032175536371028966,london,10,mixed,4
88.59149141551953,23.392036452083516,40.74342314495293,233.92036452083516,28.594415161555226,0.8606567520894265,0.22412149704678663,3.3536419764174243,True,88.59149141551953,exhaustive,0.06603980000363663,1570,,0.0,london,10,mixed,4
0.15076868846119273,24.659439771620516,25.024216964633485,73.97831931486155,0.902632007724467,0.9997521225155385,0.008134203066376688,1.0374200952937767,True,0.15076868846119273,ours,0.011161300004459918,303,212.0,-0.9343957909778553,bengaluru,3,mixed,0
53.01875924133543,20.83306706319575,30.755877498240828,62.49920118958725,17.267808248760076,0.8911398337478645,0.18419230880918835,2.28022832099745,True,53.01875924133543,centroid,5.89998671784997e-06,3,,22.07013345319792,bengaluru,3,mixed,0
43.14639303925602,21.013408474841544,29.92288631798573,63.04022542452463,15.641384518918008,0.9109850896767385,0.1654116813361206,2.095219868259167,True,43.14639303925602,weighted_centroid,1.3000040780752897e-05,3,,17.774355712642176,bengaluru,3,mixed,0
246.93343908801532,19.444578134453405,41.51309468257937,58.33373440336021,35.368959204767016,0.6049223371750884,0.40421389745884495,6.756539603088353,True,246.93343908801532,geometric_median,4.47999918833375e-05,3,,106.44852341576869,bengaluru,3,mixed,0
244.8051480430211,19.517090607109072,41.32727446736736,58.55127182132722,35.947091387049525,0.6087637029066557,0.4092947402491307,7.6813881331573475,True,244.8051480430211,min_sum,0.01818080001976341,339,,105.52243689209571,bengaluru,3,mixed,0
5.818454856320199,22.489355830568396,24.71525068836241,67.46806749170518,5.577530819295529,0.9886267135263198,0.05511279658317636,1.2914417630446526,True,5.818454856320199,min_max,0.01730960002169013,339,,1.5317931228021222,bengaluru,3,mixed,0
3.3076185794113937,23.029010275315148,25.495919439471002,69.08703082594545,4.3305996155477935,0.9938018132053046,0.041788833241925394,1.2046082767269553,True,3.3076185794113937,random,0.007264200015924871,198,,0.4392491097718067,bengaluru,3,mixed,0
2.2981557236716426,23.95976640646323,26.07879802851306,71.8792992193897,3.460526730315017,0.9960126976464626,0.03209571942498424,1.1529969591703815,True,2.2981557236716426,exhaustive,0.01904769998509437,339,,0.0,bengaluru,3,mixed,0
2.3283818909610123,16.106391266418104,17.40220796527113,48.319173799254315,3.438120293411078,0.9911043618175857,0.047436245601590876,1.2462115946421233,True,2.3283818909610123,ours,0.00755480001680553,141,146.0,1.1098140885777072,bengaluru,3,mixed,1
113.6712639816537,16.61727002696747,31.539702361827842,49.85181008090241,24.253850598620193,0.7083893607545153,0.32434597071145643,4.328897071595409,True,113.6712639816537,centroid,8.500006515532732e-06,3,,102.00081577938384,bengaluru,3,mixed,1
6.636481418153747,12.541072339546687,15.208029175591246,37.62321701864006,6.1499068294167,0.9595126598805311,0.10897361286905705,1.6789383709322439,True,6.636481418153747,weighted_centroid,1.7300015315413475e-05,3,,5.013507513076338,bengaluru,3,mixed,1
62.993205128777305,15.214872267664859,26.11013494952932,45.64461680299458,18.679503963082972,0.7860906704161327,0.27282522045925717,3.513851649631753,True,62.993205128777305,geometric_median,5.4500007536262274e-05,3,,56.07996277642638,bengaluru,3,mixed,1
5.551153441834355,11.614245443026745,14.675062201060442,34.84273632908023,5.731523669478172,0.9604736521483059,0.10966462976855906,1.6408563734855586,True,5.551153441834355,min_sum,0.008022199966944754,159,,4.030060483164471,bengaluru,3,mixed,1
5.551153441834355,11.614245443026745,14.675062201060442,34.84273632908023,5.731523669478172,0.9604736521483059,0.10966462976855906,1.6408563734855586,True,5.551153441834355,min_max,0.008772199973464012,159,,4.030060483164471,bengaluru,3,mixed,1
7.258123500887126,18.215428509274798,21.476250320183944,54.64628552782439,6.597827597832396,0.9785933924006959,0.08049132140278137,1.4434493978935425,True,7.258123500887126,random,0.00530259998049587,138,,5.576795360871076,bengaluru,3,mixed,1
1.10359576399011,14.40015730888601,15.647516835247066,43.20047192665803,2.569941503719223,0.9947061654764277,0.039659157861087646,1.196515136680079,True,1.10359576399011,exhaustive,0.009144699957687408,159,,0.0,bengaluru,3,mixed,1
0.08063504601597482,14.901725242152219,15.219770756451252,44.70517572645666,0.6894072861153315,0.9996370113360826,0.010280797467892233,1.0474459766627844,True,0.08063504601597482,ours,0.007964200049173087,177,165.0,-0.9020992808552006,bengaluru,3,mixed,2
18.661757019608338,12.926432536518702,19.021214253613593,38.7792976095561,9.506675518205066,0.8995353246087575,0.16343214213455992,1.9991735577076166,True,18.661757019608338,centroid,8.300004992634058e-06,3,,21.657634899386213,bengaluru,3,mixed,2
18.661757019608338,12.926432536518702,19.021214253613593,38.7792976095561,9.506675518205066,0.8995353246087575,0.16343214213455992,1.9991735577076166,True,18.661757019608338,weighted_centroid,2.0599982235580683e-05,3,,21.657634899386213,bengaluru,3,mixed,2
127.62944267171393,11.055211509332802,27.01503319630884,33.16563452799841,24.577880473748326,0.4891698959113142,0.4940431227188835,11.084669805971952,True,127.62944267171393,geometric_median,8.239998714998364e-05,3,,153.95761258864192,bengaluru,3,mixed,2
120.36060442590696,11.071011075470869,26.56127754679647,33.213033226412605,23.99674071097728,0.5045418453214751,0.48167317425044076,10.357144095499807,True,120.36060442590696,min_sum,0.011290700000245124,204,,145.13236194674678,bengaluru,3,mixed,2
0.823640997945195,14.340562396739651,15.609507999573317,43.021687190218955,2.070134599338502,0.9960109479666092,0.03207893095383074,1.1528973711074841,True,0.823640997945195,min_max,0.011283600004389882,204,,0.0,bengaluru,3,mixed,2
0.6130457129942428,14.580410137217783,15.300295843049305,43.74123041165335,1.8084519164540982,0.9971245700205075,0.027562887454766205,1.1340403821963332,True,0.6130457129942428,random,0.005946699995547533,171,,-0.25568820089862154,bengaluru,3,mixed,2
0.823640997945195,14.340562396739651,15.609507999573317,43.021687190218955,2.070134599338502,0.9960109479666092,0.03207893095383074,1.1528973711074841,True,0.823640997945195,exhaustive,0.011843100015539676,204,,0.0,bengaluru,3,mixed,2
4.275214359742163,22.302870574038582,24.96304005067477,66.90861172211575,5.041655806304185,0.9914784295821795,0.050234249140136855,1.2530775845924895,True,4.275214359742163,ours,0.010774399968795478,375,240.0,-0.09378612442071858,bengaluru,3,mixed,3
457.09115583028023,30.580234797308645,60.67921829710707,91.74070439192593,47.633455723376855,0.6716869744057298,0.3461455562108451,4.6512588247845805,True,457.09115583028023,centroid,8.300004992634058e-06,3,,95.88925816644972,bengaluru,3,mixed,3
22.499244732406755,20.944660191526967,25.2535918837366,62.833980574580906,10.915778682434267,0.9512135379145095,0.11581608743778116,1.7613280023373972,True,22.499244732406755,weighted_centroid,1.799996243789792e-05,3,,3.7691474744650506,bengaluru,3,mixed,3
206.5207723350253,26.09970601496165,45.36616966674807,78.29911804488495,34.50181045939256,0.7673570085720263,0.2937607414650949,4.175687567107847,True,206.5207723350253,geometric_median,5.9699988923966885e-05,3,,42.77604810829575,bengaluru,3,mixed,3
46.09037773425191,17.67563825420788,27.045838852098143,53.02691476262363,15.867777701611272,0.8714421450413702,0.1994933802031642,2.419546510614691,True,46.09037773425191,min_sum,0.02183450001757592,393,,8.769741659454109,bengaluru,3,mixed,3
4.717665967108821,21.385420554151267,23.652921041461997,64.1562616624538,5.19577855345797,0.9897897925128828,0.053990869779732664,1.2815050356161521,True,4.717665967108821,min_max,0.02155310002854094,393,,0.0,bengaluru,3,mixed,3
4.916456096438215,24.57504196882626,26.340156546616583,73.72512590647878,4.892212363114851,0.9919250012158675,0.044238309106185314,1.2280970297786422,True,4.916456096438215,random,0.010003899980802089,225,,0.04213738969976733,bengaluru,3,mixed,3
4.717665967108821,21.385420554151267,23.652921041461997,64.1562616624538,5.19577855345797,0.9897897925128828,0.053990869779732664,1.2815050356161521,True,4.717665967108821,exhaustive,0.0230403000023216,393,,0.0,bengaluru,3,mixed,3
8.717384393123771,21.890223680418188,24.048279661356272,65.67067104125456,6.332753911345598,0.9821328196187241,0.06428799757878045,1.357469148853332,True,8.717384393123771,ours,0.010538099973928183,246,201.0,0.24820310855975297,bengaluru,3,mixed,4
676.0275371634889,29.54386000715554,66.18165781645826,88.63158002146662,57.65764738153823,0.5635342161017804,0.43368776206384196,7.764145565253432,True,676.0275371634889,centroid,1.0800024028867483e-05,3,,95.79734600496239,bengaluru,3,mixed,4
52.61476802777191,22.3003869953389,31.558679718167287,66.9011609860167,17.713032363130846,0.9043232215976262,0.17650946662279066,2.279321357024713,True,52.61476802777191,weighted_centroid,1.7499958630651236e-05,3,,6.533672263003391,bengaluru,3,mixed,4
1055.7039121359574,32.529612200115075,78.34630294055695,97.58883660034522,71.75472345426228,0.5005846496117695,0.49018395924470237,11.885816306009184,True,1055.7039121359574,geometric_median,5.989999044686556e-05,3,,150.16150044802606,bengaluru,3,mixed,4
114.07980762986767,16.860751370418384,28.795541638662332,50.58225411125515,25.92030846107322,0.7136297595805644,0.3416258516812609,10.01502829861175,True,114.07980762986767,min_sum,0.01281889999518171,255,,15.334575153049318,bengaluru,3,mixed,4
8.717384393123771,21.890223680418188,24.048279661356272,65.67067104125456,6.332753911345598,0.9821328196187241,0.06428799757878045,1.357469148853332,True,8.717384393123771,min_max,0.013230299984570593,255,,0.24820310855975297,bengaluru,3,mixed,4
6.821690661979212,22.252344092253967,25.11673609090397,66.7570322767619,6.316236445482936,0.9864106636910938,0.0630768647643194,1.3359610948968206,True,6.821690661979212,random,0.006406600004993379,174,,-0.023232760433052946,bengaluru,3,mixed,4
6.983947030209194,23.088243867448558,26.358683910160863,69.26473160234568,6.472212645561253,0.9870679849642515,0.0622944510222867,1.3254580744590216,True,6.983947030209194,exhaustive,0.01387669995892793,255,,0.0,bengaluru,3,mixed,4
33.749561035477505,22.890597375088362,31.860327563059805,114.45298687544181,16.902943817584802,0.9394875280336545,0.14280672085108392,2.1300735546547958,True,33.749561035477505,ours,0.014000599971041083,550,219.0,0.0,bengaluru,5,mixed,0
80.68498603475261,24.32523014619967,39.121069363405496,121.62615073099835,25.109895148858683,0.8800048049979201,0.20056848900970659,2.7921335331616146,True,80.68498603475261,centroid,8.599949069321156e-06,5,,1.390697347142875,bengaluru,5,mixed,0
40.9742226557167,22.05525091618471,30.01844825434626,110.27625458092356,18.61499312697473,0.9223102453235894,0.16041765586571421,2.632399384138713,True,40.9742226557167,weighted_centroid,2.1300045773386955e-05,5,,0.2140668322365627,bengaluru,5,mixed,0
60.36020444436235,20.980997027509122,32.38280712864501,104.90498513754561,23.966036009428308,0.8794152346739791,0.20016934589806534,3.8474144859078296,True,60.36020444436235,geometric_median,0.00010219996329396963,5,,0.7884737635820438,bengaluru,5,mixed,0
119.63982960208541,19.314804106253128,36.65885793249901,96.57402053126563,30.947447310211462,0.7571758302046029,0.3152888055554668,6.418529564210586,True,119.63982960208541,min_sum,0.029957800055854023,640,,2.544929946683459,bengaluru,5,mixed,0
63.795082373578495,22.545981245098616,29.614821459775808,112.72990622549308,20.257466198095596,0.8884928178071269,0.18714702973097008,3.1648709097380316,True,63.795082373578495,min_max,0.02916520001599565,640,,0.8902492481759146,bengaluru,5,mixed,0
69.318837620744,26.12158326641047,41.448959942383944,130.60791633205235,22.34779654043999,0.907778502087299,0.161891819403422,2.1699704395055655,True,69.318837620744,random,0.009386299992911518,375,,1.0539181990508295,bengaluru,5,mixed,0
33.749561035477505,22.890597375088362,31.860327563059805,114.45298687544181,16.902943817584802,0.9394875280336545,0.14280672085108392,2.1300735546547958,True,33.749561035477505,exhaustive,0.03060700005153194,640,,0.0,bengaluru,5,mixed,0
7.952824646451246,14.332834047471028,16.68725885754789,71.66417023735514,7.0837749697431835,0.9627298038339741,0.10163163022354893,1.7376255380340404,True,7.952824646451246,ours,0.011717799992766231,365,176.0,0.0,bengaluru,5,mixed,1
100.69187704968354,16.42232028776878,35.387013014149154,82.1116014388439,27.61418284756371,0.728142289159087,0.3067416921096082,4.552654857464156,True,100.69187704968354,centroid,9.000010322779417e-06,5,,11.661146388360875,bengaluru,5,mixed,1
20.05209845158918,14.844915590170455,22.744027675318407,74.22457795085228,12.44913332699575,0.9165968024514283,0.15958721122145136,2.2092531410022755,True,20.05209845158918,weighted_centroid,2.1799991372972727e-05,5,,1.5213806846020352,bengaluru,5,mixed,1
167.70843481795356,17.317430868673977,41.991989348484886,86.58715434336989,35.941122338827,0.6413435147910551,0.37031456155314557,6.93983015681237,True,167.70843481795356,geometric_median,9.970000246539712e-05,5,,20.0879080419294,bengaluru,5,mixed,1
11.885824149642016,13.718653254849752,19.0617768790513,68.59326627424876,10.118238347469031,0.9405968002171388,0.1382123666183579,2.1313462017006524,True,11.885824149642016,min_sum,0.017045199987478554,400,,0.49454120743700475,bengaluru,5,mixed,1
7.952824646451246,14.332834047471028,16.68725885754789,71.66417023735514,7.0837749697431835,0.9627298038339741,0.10163163022354893,1.7376255380340404,True,7.952824646451246,min_max,0.01771699998062104,400,,0.0,bengaluru,5,mixed,1
6.469502412471547,13.853579962523536,17.633857227686388,69.26789981261769,7.246162897698616,0.9673901712452175,0.10363316109635257,1.697571825614852,True,6.469502412471547,random,0.008465400023851544,275,,-0.1865151439798934,bengaluru,5,mixed,1
7.952824646451246,14.332834047471028,16.68725885754789,71.66417023735514,7.0837749697431835,0.9627298038339741,0.10163163022354893,1.7376255380340404,True,7.952824646451246,exhaustive,0.019028800015803427,400,,0.0,bengaluru,5,mixed,1
5.328961889960637,14.828348144226515,17.51011442611081,74.14174072113258,6.384094387869695,0.9763376909784997,0.08659970885666524,1.5737985700121875,True,5.328961889960637,ours,0.014163599989842623,410,185.0,3.764739683881905,bengaluru,5,mixed,2
1.0864031469506628,14.521749992154813,16.251585616269303,72.60874996077406,2.9532717293804502,0.9948746741776265,0.03913812821475804,1.2220786600842801,True,1.0864031469506628,centroid,8.600007276982069e-06,5,,-0.028623530462469956,bengaluru,5,mixed,2
5.488210648654244,13.709252200291209,16.414907764885875,68.54626100145605,6.6417927980072164,0.971627155084633,0.09348162950819239,1.679598349197408,True,5.488210648654244,weighted_centroid,2.2499996703118086e-05,5,,3.9071274314065856,bengaluru,5,mixed,2
31.26466530081612,12.505270761229873,17.458080356254925,62.526353806149366,15.58006688733181,0.8333852663735586,0.22250753606114038,9.296035755412175,True,31.26466530081612,geometric_median,0.00031889998354017735,5,,26.954411110112954,bengaluru,5,mixed,2
16.832740814566748,13.807331358655247,18.687771498581608,69.03665679327624,11.723087491369668,0.9188686374207788,0.16305678260627876,2.683218862367682,True,16.832740814566748,min_sum,0.021108800021465868,465,,14.050516367693001,bengaluru,5,mixed,2
1.1184161661522403,14.754638735480308,16.39168091692058,73.77319367740154,3.158535026077388,0.9948888240973542,0.040123812632185674,1.2386836094857057,True,1.1184161661522403,min_max,0.02114690002053976,465,,0.0,bengaluru,5,mixed,2
1.3211533631559593,14.582582338528521,16.132220553700137,72.91291169264261,3.498511670033656,0.9938256031309822,0.04249872883813022,1.2769188131726474,True,1.3211533631559593,random,0.0088497000397183,320,,0.18127169754815778,bengaluru,5,mixed,2
1.1184161661522403,14.754638735480308,16.39168091692058,73.77319367740154,3.158535026077388,0.9948888240973542,0.040123812632185674,1.2386836094857057,True,1.1184161661522403,exhaustive,0.0220108000212349,465,,0.0,bengaluru,5,mixed,2
7.811944931952039,21.168061022761155,24.96304005067477,105.84030511380577,8.37605043690288,0.9828647372011701,0.07246925596722287,1.5049771315916416,True,7.811944931952039,ours,0.015420100011397153,620,233.0,0.02516708663282439,bengaluru,5,mixed,3
460.77978351170384,21.960951571624154,63.62017815516826,109.80475785812077,61.911320934186186,0.5114009384174153,0.4628534147827874,37.22966282613476,True,460.77978351170384,centroid,8.800008799880743e-06,5,,59.46845854095905,bengaluru,5,mixed,3
106.88417234198229,19.55322227058853,38.36068379407076,97.76611135294266,31.168412820496947,0.7815179815841684,0.27604270543212905,5.333598238305735,True,106.88417234198229,weighted_centroid,2.1400046534836292e-05,5,,13.026485916306946,bengaluru,5,mixed,3
479.77967511853586,22.01007005224027,64.14492206612029,110.05035026120134,64.14492084008158,0.5024182731944772,0.476482025626493,52318839.50868839,True,479.77967511853586,geometric_median,0.00011190003715455532,5,,61.96182782281959,bengaluru,5,mixed,3
16.84602695897828,18.674290656909992,23.301561514520508,93.37145328454996,11.437316547548749,0.9539191146679549,0.11984878053923187,1.9640155424461048,True,16.84602695897828,min_sum,0.029785900027491152,650,,1.2107160930227368,bengaluru,5,mixed,3
16.84602695897828,18.674290656909992,23.301561514520508,93.37145328454996,11.437316547548749,0.9539191146679549,0.11984878053923187,1.9640155424461048,True,16.84602695897828,min_max,0.029560299997683614,650,,1.2107160930227368,bengaluru,5,mixed,3
10.16567058551518,19.919768435233642,24.70248459900867,99.5988421761682,9.27136501384745,0.975020642036631,0.08873344534519911,1.6008225756193948,True,10.16567058551518,random,0.009572500013746321,360,,0.33404817732342634,bengaluru,5,mixed,3
7.620167515922191,23.479094901782577,26.340156546616583,117.39547450891288,7.182968381200453,0.9863654853374365,0.06424444497246151,1.3749489914270216,True,7.620167515922191,exhaustive,0.03325209999457002,650,,0.0,bengaluru,5,mixed,3
126.9457124282821,30.447329003195403,44.985550755627045,152.23664501597702,31.516748410784164,0.8795564970289852,0.20792366187473466,3.339981507179198,True,126.9457124282821,ours,0.01767410000320524,810,278.0,0.005775887649383514,bengaluru,5,mixed,4
912.8212497271837,33.45188247498263,90.62081064113208,167.25941237491315,83.25555973196379,0.5507437120771671,0.4522380775146513,12.303832110909743,True,912.8212497271837,centroid,9.600014891475439e-06,5,,6.232174960050377,bengaluru,5,mixed,4
334.3689214930715,30.866352220786176,60.784590593304266,154.3317611039309,51.03245546740655,0.7402153988112565,0.32739360470875556,6.2329520467661546,True,334.3689214930715,weighted_centroid,2.3600005079060793e-05,5,,1.6491654769912267,bengaluru,5,mixed,4
1034.3509651095378,33.93030115069338,95.1660855014401,169.6515057534669,88.00315032636357,0.5267463165877744,0.4719975436549453,13.285906290562423,True,1034.3509651095378,geometric_median,0.00020329997641965747,5,,7.195040542718392,bengaluru,5,mixed,4
166.20266513509102,29.600605516361746,50.40154503544194,148.00302758180874,33.831675043875734,0.8405574612678713,0.2369374454009161,3.041758629433755,True,166.20266513509102,min_sum,0.0411102999933064,895,,0.31680408781334646,bengaluru,5,mixed,4
161.88291249759828,31.962030549110693,43.67135991543939,159.81015274555347,32.68700920436934,0.8632115230619842,0.20818707477538312,3.975779822054234,True,161.88291249759828,min_max,0.041562799946404994,895,,0.2825791978167303,bengaluru,5,mixed,4
136.3673105964294,30.314539853142016,48.010587618057954,151.57269926571007,32.86969754091602,0.8707833620394877,0.21446833255208153,3.1709224076951132,True,136.3673105964294,random,0.011782799963839352,395,,0.08042209727223804,bengaluru,5,mixed,4
126.21669895563828,29.80061536349018,45.91897786853445,149.0030768174509,32.06964941559481,0.8755619408873234,0.2108121957595357,3.3156104301062888,True,126.21669895563828,exhaustive,0.04316169995581731,895,,0.0,bengaluru,5,mixed,4
199.64290856882786,29.02721785228489,61.441498580039365,290.2721785228489,50.53309354983813,0.8084449819601774,0.25820924337261575,5.632491497146571,True,199.64290856882786,ours,0.02628540003206581,1340,246.0,0.013337445629885272,bengaluru,10,mixed,0
287.3711176627923,28.966956334490114,69.36982411537285,289.6695633449011,55.42414516637519,0.7448891034562202,0.29109817123311665,4.974288047865806,True,287.3711176627923,centroid,1.0600022505968809e-05,10,,0.4586238820490095,bengaluru,10,mixed,0
242.75850284058941,27.6258462516431,67.92254460315175,276.258462516431,52.62468786915919,0.7586763794042831,0.26878302847812074,4.440003968152261,True,242.75850284058941,weighted_centroid,3.130000550299883e-05,10,,0.232181412988229,bengaluru,10,mixed,0
296.57896313455063,27.55368564712405,74.90019589911289,275.53685647124047,58.974033551945226,0.7190913984447015,0.27787005123790665,4.70296574067219,True,296.57896313455063,geometric_median,0.0001621000119484961,10,,0.5053606015097436,bengaluru,10,mixed,0
509.6011618084023,26.213681695453978,90.13253627859746,262.13681695453977,86.59009225378375,0.5741820427303442,0.3731354430710736,25.443602114034082,True,509.6011618084023,min_sum,0.06057650002185255,1560,,1.586607975704369,bengaluru,10,mixed,0
197.01522866820625,28.870841425114826,53.78756998017159,288.70841425114827,42.288253977879315,0.808823439838175,0.26677304378061395,4.67745820442273,True,197.01522866820625,min_max,0.06245849997503683,1560,,0.0,bengaluru,10,mixed,0
205.23114519267332,29.584040057033633,56.58388407543264,295.8404005703363,46.36018613322434,0.8100497047735948,0.2730182421178484,5.534580970142651,True,205.23114519267332,random,0.014138400030788034,700,,0.041701936342715504,bengaluru,10,mixed,0
197.01522866820625,28.870841425114826,53.78756998017159,288.70841425114827,42.288253977879315,0.808823439838175,0.26677304378061395,4.67745820442273,True,197.01522866820625,exhaustive,0.06395380001049489,1560,,0.0,bengaluru,10,mixed,0
46.23156113808823,15.482540457580749,30.509059400112108,154.82540457580748,26.34808640761774,0.8383176160406061,0.23646374238432966,7.332193565097598,True,46.23156113808823,ours,0.031505399965681136,1860,301.0,0.006398616724379403,bengaluru,10,mixed,1
47.23527278233995,15.425195238901148,30.757067652906166,154.25195238901148,25.735941248802064,0.834362118729825,0.24169527857826756,6.125531440070171,True,47.23527278233995,centroid,1.1499971151351929e-05,10,,0.02824806297924257,bengaluru,10,mixed,1
47.79848544114931,15.272222643982378,31.187476346398057,152.72222643982377,26.657873019489763,0.8299223967764114,0.24095549257060278,6.885255528034339,True,47.79848544114931,weighted_centroid,3.190001007169485e-05,10,,0.04050844153436833,bengaluru,10,mixed,1
60.252954615973636,14.646986446828318,33.13599371404049,146.4698644682832,31.080711832700565,0.78072864404918,0.2754045288805871,16.122359669924087,True,60.252954615973636,geometric_median,0.00032600003760308027,10,,0.31162540667732685,bengaluru,10,mixed,1
78.44597986404676,14.825017101294852,34.7810091453121,148.25017101294853,33.46803175392026,0.7369589258347287,0.31904204626472366,26.490181303458723,True,78.44597986404676,min_sum,0.08202939998591319,2050,,0.7076629834531657,bengaluru,10,mixed,1
45.93762388959005,16.0534149330103,29.102843007164115,160.534149330103,23.130429219217643,0.8487150964288802,0.23662133729986468,4.87287787492211,True,45.93762388959005,min_max,0.08516950003104284,2050,,0.0,bengaluru,10,mixed,1
49.58031474511564,15.061947229499296,31.662746222572956,150.61947229499296,28.078654374420527,0.8206487701642908,0.24164554278858286,8.834245204652012,True,49.58031474511564,random,0.016416700033005327,810,,0.0792964578290055,bengaluru,10,mixed,1
45.93762388959005,16.0534149330103,29.102843007164115,160.534149330103,23.130429219217643,0.8487150964288802,0.23662133729986468,4.87287787492211,True,45.93762388959005,exhaustive,0.08958799997344613,2050,,0.0,bengaluru,10,mixed,1
185.08308775953031,21.13494355643701,51.98578309852833,211.34943556437008,47.33119144442493,0.7070399003799268,0.34357702981248806,11.168709730465537,True,185.08308775953031,ours,0.02686139999423176,1290,238.0,0.0003215445973280305,bengaluru,10,mixed,2
322.9694271936593,18.80878953367087,67.40289639685291,188.08789533670867,65.97039580823295,0.5227569945191175,0.45846540865760943,47.052613403661866,True,322.9694271936593,centroid,1.2399978004395962e-05,10,,0.7455580635645618,bengaluru,10,mixed,2
242.9312273452587,19.524407938783035,59.52363714701288,195.24407938783034,56.690776367308246,0.6107705534640997,0.4001205055480268,21.01184695466013,True,242.9312273452587,weighted_centroid,3.539997851476073e-05,10,,0.31297431607940507,bengaluru,10,mixed,2
372.5622527034355,19.25606851524837,73.7704570150008,192.5606851524837,73.63194087795668,0.4988120952326116,0.4423998362964434,532.5766267327036,True,372.5622527034355,geometric_median,0.001486400025896728,10,,1.0135932061343647,bengaluru,10,mixed,2
392.5684606629726,19.520081990482694,75.96348624672139,195.20081990482694,75.62933671968344,0.49254470720755655,0.4361966226986409,227.33381345799538,True,392.5684606629726,min_sum,0.05676430003950372,1520,,1.1217210804305888,bengaluru,10,mixed,2
205.1148163525351,23.94263660175336,46.98352075975094,239.4263660175336,39.723508307509896,0.7364797942494311,0.335311079808879,6.471548233398403,True,205.1148163525351,min_max,0.058679900015704334,1520,,0.10858735067218474,bengaluru,10,mixed,2
204.47345731317202,21.29460642962635,56.48533380479338,212.94606429626347,52.072399271469834,0.6892187601843577,0.349471551968364,12.79994828345033,True,204.47345731317202,random,0.01386189996264875,730,,0.10512098714506075,bengaluru,10,mixed,2
185.0235944223656,22.690297093127278,52.01568637011348,226.90297093127276,45.12212955495339,0.7356326823067075,0.3256082836324863,7.545551268355728,True,185.0235944223656,exhaustive,0.060854499984998256,1520,,0.0,bengaluru,10,mixed,2
30.026041206030733,18.95090251847817,27.598685001528644,189.5090251847817,13.789924393350628,0.9228445132501373,0.15502900455452617,1.9986359228491344,True,30.026041206030733,ours,0.03131570003461093,1690,283.0,0.06737361649325306,bengaluru,10,mixed,3
337.82146962048876,20.973107759024465,66.86372564550739,209.73107759024464,66.13054483857475,0.5656106049332583,0.4223986801402535,91.19677576564045,True,337.82146962048876,centroid,1.3299984857439995e-05,10,,11.008966526212049,bengaluru,10,mixed,3
110.54755441949426,17.941184796510758,44.44821692056667,179.41184796510757,40.23180323827187,0.7443595098417544,0.2928074862517822,10.541711575220852,True,110.54755441949426,weighted_centroid,2.9799994081258774e-05,10,,2.9297735637397606,bengaluru,10,mixed,3
272.3069506161066,19.89279057684582,61.331601253161836,198.9279057684582,60.50610867347453,0.5923732121599726,0.40792419986995676,74.29697463348992,True,272.3069506161066,geometric_median,0.0004529000143520534,10,,8.680039159374283,bengaluru,10,mixed,3
36.91568806376187,17.457310918925877,25.71880817851672,174.57310918925876,18.001920799223665,0.891956210623844,0.19533672738994823,3.332795583816441,True,36.91568806376187,min_sum,0.07272210001247004,1880,,0.31228859654133356,bengaluru,10,mixed,3
36.91568806376187,17.457310918925877,25.71880817851672,174.57310918925876,18.001920799223665,0.891956210623844,0.19533672738994823,3.332795583816441,True,36.91568806376187,min_max,0.07626609998987988,1880,,0.31228859654133356,bengaluru,10,mixed,3
23.881035618971982,19.364295338745155,27.177977469551127,193.64295338745154,14.278090055872596,0.9401263173517755,0.14345394419873703,2.1068383465682556,True,23.881035618971982,random,0.016193499963264912,840,,-0.15107065965437194,bengaluru,10,mixed,3
28.130769528179105,20.120391538523833,28.067334226898478,201.20391538523833,14.35603060839545,0.9350270015343185,0.14566408057424018,2.047021567593499,True,28.130769528179105,exhaustive,0.07983999996213242,1880,,0.0,bengaluru,10,mixed,3
96.07000833473965,27.94275909955811,44.985550755627045,279.4275909955811,31.516748410784164,0.8904395748767181,0.19907158533958014,3.339981507179198,True,96.07000833473965,ours,0.03548720001708716,1940,308.0,0.01997344799028392,bengaluru,10,mixed,4
582.7072323847025,26.07588093325859,94.7812869969793,260.7588093325859,87.08717588717873,0.5385077639940697,0.40409049354474047,12.318679265789285,True,582.7072323847025,centroid,1.2200034689158201e-05,10,,5.186591583435729,bengaluru,10,mixed,4
331.2476961879493,25.197141291846357,74.16750419304844,251.97141291846359,64.74934613938295,0.657144458178177,0.34554172888825074,7.8749479219222565,True,331.2476961879493,weighted_centroid,3.170000854879618e-05,10,,2.5168504788969246,bengaluru,10,mixed,4
610.1343034869295,26.16081612966973,96.69749584517449,261.6081612966973,89.8441980592666,0.5286800697225101,0.40807864421319073,14.109629971720917,True,610.1343034869295,geometric_median,0.00019539997447282076,10,,5.477784274737883,bengaluru,10,mixed,4
341.1723334863933,25.156137944197333,74.79680187953382,251.56137944197332,64.98033071319335,0.6497216950021321,0.3478163311493898,7.619520356358129,True,341.1723334863933,min_sum,0.0820841999957338,2100,,2.6222201639923552,bengaluru,10,mixed,4
114.9374023029133,27.713781639540436,41.34032805743638,277.13781639540434,30.041408562886414,0.8698317537458443,0.21855119789294042,3.658785964213382,True,114.9374023029133,min_max,0.08491650002542883,2100,,0.2202882102546512,bengaluru,10,mixed,4
99.90743352288266,28.708336807474687,46.0023150904816,287.0833680747469,31.804324398020345,0.8918839687914102,0.1963130513833784,3.240058124203981,True,99.90743352288266,random,0.0179525000276044,850,,0.06071531809522927,bengaluru,10,mixed,4
94.18873454405335,27.465311908619793,45.847771688736536,274.65311908619793,31.956687282591233,0.8889980292492352,0.1976320515382246,3.3005178248325855,True,94.18873454405335,exhaustive,0.09124720003455877,2100,,0.0,bengaluru,10,mixed,4
